Nombre del pais,Nombre de la region,Codigo de la region
Andorra,Canillo,02
Andorra,Encamp,03
Andorra,La Massana,04
Andorra,Ordino,05
Andorra,Sant Julià de Lòria,06
Andorra,Andorra la Vella,07
Andorra,Escaldes-Engordany,08
United Arab Emirates,'Ajmān,AJ
United Arab Emirates,Abū Ȥaby [Abu Dhabi],AZ
United Arab Emirates,Dubayy,DU
United Arab Emirates,Al Fujayrah,FU
United Arab Emirates,Ra’s al Khaymah,RK
United Arab Emirates,Ash Shāriqah,SH
United Arab Emirates,Umm al Qaywayn,UQ
Afghanistan,Balkh,BAL
Afghanistan,Bāmīān,BAM
Afghanistan,Bādghīs,BDG
Afghanistan,Badakhshān,BDS
Afghanistan,Baghlān,BGL
Afghanistan,Dāykondī,DAY
Afghanistan,Farāh,FRA
Afghanistan,Fāryāb,FYB
Afghanistan,Ghaznī,GHA
Afghanistan,Ghowr,GHO
Afghanistan,Helmand,HEL
Afghanistan,Herāt,HER
Afghanistan,Jowzjān,JOW
Afghanistan,Kābul [Kābol],KAB
Afghanistan,Kandahār,KAN
Afghanistan,Kāpīsā,KAP
Afghanistan,Kondoz [Kunduz],KDZ
Afghanistan,Khowst,KHO
Afghanistan,Konar [Kunar],KNR
Afghanistan,Laghmān,LAG
Afghanistan,Lowgar,LOW
Afghanistan,Nangrahār [Nangarhār],NAN
Afghanistan,Nīmrūz,NIM
Afghanistan,Nūrestān,NUR
Afghanistan,Orūzgān [Urūzgān],ORU
Afghanistan,Panjshīr,PAN
Afghanistan,Parwān,PAR
Afghanistan,Paktīā,PIA
Afghanistan,Paktīkā,PKA
Afghanistan,Samangān,SAM
Afghanistan,Sar-e Pol,SAR
Afghanistan,Takhār,TAK
Afghanistan,Wardak [Wardag],WAR
Afghanistan,Zābol [Zābul],ZAB
Antigua and Barbuda,Saint George,03
Antigua and Barbuda,Saint John,04
Antigua and Barbuda,Saint Mary,05
Antigua and Barbuda,Saint Paul,06
Antigua and Barbuda,Saint Peter,07
Antigua and Barbuda,Saint Philip,08
Antigua and Barbuda,Barbuda,10
Antigua and Barbuda,Redonda,11
Albania,Berat,01
Albania,Durrës,02
Albania,Elbasan,03
Albania,Fier,04
Albania,Gjirokastër,05
Albania,Korçë,06
Albania,Kukës,07
Albania,Lezhë,08
Albania,Dibër,09
Albania,Shkodër,10
Albania,Tiranë,11
Albania,Vlorë,12
Armenia,Aragacotn,AG
Armenia,Ararat,AR
Armenia,Armavir,AV
Armenia,Erevan,ER
Armenia,Gegarkunik',GR
Armenia,Kotayk',KT
Armenia,Lory,LO
Armenia,Sirak,SH
Armenia,Syunik',SU
Armenia,Tavus,TV
Armenia,Vayoc Jor,VD
Angola,Bengo,BGO
Angola,Benguela,BGU
Angola,Bié,BIE
Angola,Cabinda,CAB
Angola,Cuando-Cubango,CCU
Angola,Cunene,CNN
Angola,Cuanza Norte,CNO
Angola,Cuanza Sul,CUS
Angola,Huambo,HUA
Angola,Huíla,HUI
Angola,Lunda Norte,LNO
Angola,Lunda Sul,LSU
Angola,Luanda,LUA
Angola,Malange,MAL
Angola,Moxico,MOX
Angola,Namibe,NAM
Angola,Uíge,UIG
Angola,Zaire,ZAI
Argentina,Salta,A
Argentina,Buenos Aires,B
Argentina,Ciudad Autónoma de Buenos Aires,C
Argentina,San Luis,D
Argentina,Entre Rios,E
Argentina,Santiago del Estero,G
Argentina,Chaco,H
Argentina,San Juan,J
Argentina,Catamarca,K
Argentina,La Pampa,L
Argentina,Mendoza,M
Argentina,Misiones,N
Argentina,Formosa,P
Argentina,Neuquen,Q
Argentina,Rio Negro,R
Argentina,Santa Fe,S
Argentina,Tucuman,T
Argentina,Chubut,U
Argentina,Tierra del Fuego,V
Argentina,Corrientes,W
Argentina,Cordoba,X
Argentina,Jujuy,Y
Argentina,Santa Cruz,Z
Austria,Burgenland,1
Austria,Kärnten,2
Austria,Niederösterreich,3
Austria,Oberösterreich,4
Austria,Salzburg,5
Austria,Steiermark,6
Austria,Tirol,7
Austria,Vorarlberg,8
Austria,Wien,9
Australia,Australian Capital Territory,ACT
Australia,New South Wales,NSW
Australia,Northern Territory,NT
Australia,Queensland,QLD
Australia,South Australia,SA
Australia,Tasmania,TAS
Australia,Victoria,VIC
Australia,Western Australia,WA
Azerbaijan,Əli Bayramlı,AB
Azerbaijan,Abşeron,ABS
Azerbaijan,Ağstafa,AGA
Azerbaijan,Ağcabədi,AGC
Azerbaijan,Ağdam,AGM
Azerbaijan,Ağdaş,AGS
Azerbaijan,Ağsu,AGU
Azerbaijan,Astara,AST
Azerbaijan,Bakı,BA
Azerbaijan,Balakən,BAL
Azerbaijan,Bərdə,BAR
Azerbaijan,Beyləqan,BEY
Azerbaijan,Biləsuvar,BIL
Azerbaijan,Cəbrayıl,CAB
Azerbaijan,Cəlilabab,CAL
Azerbaijan,Daşkəsən,DAS
Azerbaijan,Dəvəçi,DAV
Azerbaijan,Füzuli,FUZ
Azerbaijan,Gəncə,GA
Azerbaijan,Gədəbəy,GAD
Azerbaijan,Goranboy,GOR
Azerbaijan,Göyçay,GOY
Azerbaijan,Hacıqabul,HAC
Azerbaijan,İmişli,IMI
Azerbaijan,İsmayıllı,ISM
Azerbaijan,Kəlbəcər,KAL
Azerbaijan,Kürdəmir,KUR
Azerbaijan,Lənkəran,LA
Azerbaijan,Laçın,LAC
Azerbaijan,Lənkəran,LAN
Azerbaijan,Lerik,LER
Azerbaijan,Masallı,MAS
Azerbaijan,Mingəçevir,MI
Azerbaijan,Naftalan,NA
Azerbaijan,Neftçala,NEF
Azerbaijan,Naxçıvan,NX
Azerbaijan,Oğuz,OGU
Azerbaijan,Qəbələ,QAB
Azerbaijan,Qax,QAX
Azerbaijan,Qazax,QAZ
Azerbaijan,Quba,QBA
Azerbaijan,Qubadlı,QBI
Azerbaijan,Qobustan,QOB
Azerbaijan,Qusar,QUS
Azerbaijan,Şəki,SA
Azerbaijan,Sabirabad,SAB
Azerbaijan,Şəki,SAK
Azerbaijan,Salyan,SAL
Azerbaijan,Saatlı,SAT
Azerbaijan,Siyəzən,SIY
Azerbaijan,Şəmkir,SKR
Azerbaijan,Sumqayıt,SM
Azerbaijan,Şamaxı,SMI
Azerbaijan,Samux,SMX
Azerbaijan,Şuşa,SS
Azerbaijan,Şuşa,SUS
Azerbaijan,Tərtər,TAR
Azerbaijan,Tovuz,TOV
Azerbaijan,Ucar,UCA
Azerbaijan,Xankəndi,XA
Azerbaijan,Xaçmaz,XAC
Azerbaijan,Xanlar,XAN
Azerbaijan,Xocalı,XCI
Azerbaijan,Xızı,XIZ
Azerbaijan,Xocavənd,XVD
Azerbaijan,Yardımlı,YAR
Azerbaijan,Yevlax,YE
Azerbaijan,Yevlax,YEV
Azerbaijan,Zəngilan,ZAN
Azerbaijan,Zaqatala,ZAQ
Azerbaijan,Zərdab,ZAR
Bosnia and Herzegovina,Federacija Bosne i Hercegovine,BIH
Bosnia and Herzegovina,Brčko distrikt,BRC
Bosnia and Herzegovina,Republika Srpska,SRP
Barbados,Christ Church,01
Barbados,Saint Andrew,02
Barbados,Saint George,03
Barbados,Saint James,04
Barbados,Saint John,05
Barbados,Saint Joseph,06
Barbados,Saint Lucy,07
Barbados,Saint Michael,08
Barbados,Saint Peter,09
Barbados,Saint Philip,10
Barbados,Saint Thomas,11
Bangladesh,Barisal bibhag,1
Bangladesh,Chittagong bibhag,2
Bangladesh,Dhaka bibhag,3
Bangladesh,Khulna bibhag,4
Bangladesh,Rajshahi bibhag,5
Bangladesh,Sylhet bibhag,6
Belgium,Brussels-Capital Region,BRU
Belgium,Antwerpen,VAN
Belgium,Vlaams-Brabant,VBR
Belgium,Limburg,VLI
Belgium,Oost-Vlaanderen,VOV
Belgium,West-Vlaanderen,VWV
Belgium,Brabant Wallon,WBR
Belgium,Hainaut,WHT
Belgium,Liege,WLG
Belgium,Luxembourg,WLX
Belgium,Namur,WNA
Burkina Faso,Boucle du Mouhoun,01
Burkina Faso,Cascades,02
Burkina Faso,Centre,03
Burkina Faso,Centre-Est,04
Burkina Faso,Centre-Nord,05
Burkina Faso,Centre-Ouest,06
Burkina Faso,Centre-Sud,07
Burkina Faso,Est,08
Burkina Faso,Hauts-Bassins,09
Burkina Faso,Nord,10
Burkina Faso,Plateau-Central,11
Burkina Faso,Sahel,12
Burkina Faso,Sud-Ouest,13
Bulgaria,Blagoevgrad,01
Bulgaria,Burgas,02
Bulgaria,Varna,03
Bulgaria,Veliko Tarnovo,04
Bulgaria,Vidin,05
Bulgaria,Vratsa,06
Bulgaria,Gabrovo,07
Bulgaria,Dobrich,08
Bulgaria,Kardzhali,09
Bulgaria,Kyustendil,10
Bulgaria,Lovech,11
Bulgaria,Montana,12
Bulgaria,Pazardzhik,13
Bulgaria,Pernik,14
Bulgaria,Pleven,15
Bulgaria,Plovdiv,16
Bulgaria,Razgrad,17
Bulgaria,Ruse,18
Bulgaria,Silistra,19
Bulgaria,Sliven,20
Bulgaria,Smolyan,21
Bulgaria,Sofia-Grad,22
Bulgaria,Sofia,23
Bulgaria,Stara Zagora,24
Bulgaria,Targovishte,25
Bulgaria,Haskovo,26
Bulgaria,Shumen,27
Bulgaria,Yambol,28
Bahrain,Al Manāmah (Al ‘Āşimah),13
Bahrain,Al Janūbīyah,14
Bahrain,Al Muḩarraq,15
Bahrain,Al Wusţá,16
Bahrain,Ash Shamālīyah,17
Burundi,Bubanza,BB
Burundi,Bujumbura Rural,BL
Burundi,Bujumbura Mairie,BM
Burundi,Bururi,BR
Burundi,Cankuzo,CA
Burundi,Cibitoke,CI
Burundi,Gitega,GI
Burundi,Kirundo,KI
Burundi,Karuzi,KR
Burundi,Kayanza,KY
Burundi,Makamba,MA
Burundi,Muramvya,MU
Burundi,Mwaro,MW
Burundi,Ngozi,NG
Burundi,Rutana,RT
Burundi,Ruyigi,RY
Benin,Atakora,AK
Benin,Alibori,AL
Benin,Atlantique,AQ
Benin,Borgou,BO
Benin,Collines,CO
Benin,Donga,DO
Benin,Kouffo,KO
Benin,Littoral,LI
Benin,Mono,MO
Benin,Ouémé,OU
Benin,Plateau,PL
Benin,Zou,ZO
Brunei Darussalam,Belait,BE
Brunei Darussalam,Brunei-Muara,BM
Brunei Darussalam,Temburong,TE
Brunei Darussalam,Tutong,TU
"Bolivia, Plurinational State of",El Beni,B
"Bolivia, Plurinational State of",Cochabamba,C
"Bolivia, Plurinational State of",Chuquisaca,H
"Bolivia, Plurinational State of",La Paz,L
"Bolivia, Plurinational State of",Pando,N
"Bolivia, Plurinational State of",Oruro,O
"Bolivia, Plurinational State of",Potosí,P
"Bolivia, Plurinational State of",Santa Cruz,S
"Bolivia, Plurinational State of",Tarija,T
Brazil,Acre,AC
Brazil,Alagoas,AL
Brazil,Amazonas,AM
Brazil,Amapá,AP
Brazil,Bahia,BA
Brazil,Ceará,CE
Brazil,Distrito Federal,DF
Brazil,Espírito Santo,ES
Brazil,Fernando de Noronha,FN
Brazil,Goiás,GO
Brazil,Maranhão,MA
Brazil,Minas Gerais,MG
Brazil,Mato Grosso do Sul,MS
Brazil,Mato Grosso,MT
Brazil,Pará,PA
Brazil,Paraíba,PB
Brazil,Pernambuco,PE
Brazil,Piauí,PI
Brazil,Paraná,PR
Brazil,Rio de Janeiro,RJ
Brazil,Rio Grande do Norte,RN
Brazil,Rondônia,RO
Brazil,Roraima,RR
Brazil,Rio Grande do Sul,RS
Brazil,Santa Catarina,SC
Brazil,Sergipe,SE
Brazil,São Paulo,SP
Brazil,Tocantins,TO
Bahamas,Acklins Islands,AC
Bahamas,Bimini and Cat Cay,BI
Bahamas,Black Point,BP
Bahamas,Berry Islands,BY
Bahamas,Central Eleuthera,CE
Bahamas,Cat Island,CI
Bahamas,Crooked Island and Long Cay,CK
Bahamas,Central Abaco,CO
Bahamas,Central Andros,CS
Bahamas,East Grand Bahama,EG
Bahamas,Exuma,EX
Bahamas,City of Freeport,FP
Bahamas,Grand Cay,GC
Bahamas,Green Turtle Cay,GT
Bahamas,Harbour Island,HI
Bahamas,Hope Town,HT
Bahamas,Inagua,IN
Bahamas,Long Island,LI
Bahamas,Mangrove Cay,MC
Bahamas,Mayaguana,MG
Bahamas,Moore's Island,MI
Bahamas,North Eleuthera,NE
Bahamas,North Abaco,NO
Bahamas,New Providence,NP
Bahamas,North Andros,NS
Bahamas,Rum Cay,RC
Bahamas,Ragged Island,RI
Bahamas,South Andros,SA
Bahamas,South Eleuthera,SE
Bahamas,South Abaco,SO
Bahamas,San Salvador,SS
Bahamas,Spanish Wells,SW
Bahamas,West Grand Bahama,WG
Bhutan,Paro,11
Bhutan,Chhukha,12
Bhutan,Ha,13
Bhutan,Samtee,14
Bhutan,Thimphu,15
Bhutan,Tsirang,21
Bhutan,Dagana,22
Bhutan,Punakha,23
Bhutan,Wangdue Phodrang,24
Bhutan,Sarpang,31
Bhutan,Trongsa,32
Bhutan,Bumthang,33
Bhutan,Zhemgang,34
Bhutan,Trashigang,41
Bhutan,Monggar,42
Bhutan,Pemagatshel,43
Bhutan,Lhuentse,44
Bhutan,Samdrup Jongkha,45
Bhutan,Gasa,GA
Bhutan,Trashi Yangtse,TY
Botswana,Central,CE
Botswana,Ghanzi,GH
Botswana,Kgalagadi,KG
Botswana,Kgatleng,KL
Botswana,Kweneng,KW
Botswana,North-East,NE
Botswana,Ngamiland,NG
Botswana,North-West (Botswana),NW
Botswana,South-East,SE
Botswana,Southern (Botswana),SO
Belarus,Brèsckaja voblasc',BR
Belarus,Horad Minsk,HM
Belarus,Homel'skaja voblasc',HO
Belarus,Hrodzenskaja voblasc',HR
Belarus,Mahilëuskaja voblasc',MA
Belarus,Minskaja voblasc',MI
Belarus,Vicebskaja voblasc',VI
Belize,Belize,BZ
Belize,Cayo,CY
Belize,Corozal,CZL
Belize,Orange Walk,OW
Belize,Stann Creek,SC
Belize,Toledo,TOL
Canada,Alberta,AB
Canada,British Columbia,BC
Canada,Manitoba,MB
Canada,New Brunswick,NB
Canada,Newfoundland and Labrador,NL
Canada,Nova Scotia,NS
Canada,Northwest Territories,NT
Canada,Nunavut,NU
Canada,Ontario,ON
Canada,Prince Edward Island,PE
Canada,Quebec,QC
Canada,Saskatchewan,SK
Canada,Yukon,YT
"Congo, The Democratic Republic of the",Bas-Congo,BC
"Congo, The Democratic Republic of the",Bandundu,BN
"Congo, The Democratic Republic of the",Équateur,EQ
"Congo, The Democratic Republic of the",Haut-Congo,HC
"Congo, The Democratic Republic of the",Katanga,KA
"Congo, The Democratic Republic of the",Kasai-Oriental,KE
"Congo, The Democratic Republic of the",Kinshasa,KN
"Congo, The Democratic Republic of the",Kasai-Occidental,KW
"Congo, The Democratic Republic of the",Maniema,MA
"Congo, The Democratic Republic of the",Nord-Kivu,NK
"Congo, The Democratic Republic of the",Orientale,OR
"Congo, The Democratic Republic of the",Sud-Kivu,SK
Central African Republic,Ouham,AC
Central African Republic,Bamingui-Bangoran,BB
Central African Republic,Bangui,BGF
Central African Republic,Basse-Kotto,BK
Central African Republic,Haute-Kotto,HK
Central African Republic,Haut-Mbomou,HM
Central African Republic,Haute-Sangha / Mambéré-Kadéï,HS
Central African Republic,Gribingui,KB
Central African Republic,Kémo-Gribingui,KG
Central African Republic,Lobaye,LB
Central African Republic,Mbomou,MB
Central African Republic,Ombella-M'poko,MP
Central African Republic,Nana-Mambéré,NM
Central African Republic,Ouham-Pendé,OP
Central African Republic,Sangha,SE
Central African Republic,Ouaka,UK
Central African Republic,Vakaga,VK
Congo,Bouenza,11
Congo,Pool,12
Congo,Sangha,13
Congo,Plateaux,14
Congo,Cuvette-Ouest,15
Congo,Lékoumou,2
Congo,Kouilou,5
Congo,Likouala,7
Congo,Cuvette,8
Congo,Niari,9
Congo,Brazzaville,BZV
Switzerland,Aargau,AG
Switzerland,Appenzell Innerrhoden,AI
Switzerland,Appenzell Ausserrhoden,AR
Switzerland,Bern,BE
Switzerland,Basel-Landschaft,BL
Switzerland,Basel-Stadt,BS
Switzerland,Fribourg,FR
Switzerland,Genève,GE
Switzerland,Glarus,GL
Switzerland,Graubünden,GR
Switzerland,Jura,JU
Switzerland,Luzern,LU
Switzerland,Neuchâtel,NE
Switzerland,Nidwalden,NW
Switzerland,Obwalden,OW
Switzerland,Sankt Gallen,SG
Switzerland,Schaffhausen,SH
Switzerland,Solothurn,SO
Switzerland,Schwyz,SZ
Switzerland,Thurgau,TG
Switzerland,Ticino,TI
Switzerland,Uri,UR
Switzerland,Vaud,VD
Switzerland,Valais,VS
Switzerland,Zug,ZG
Switzerland,Zürich,ZH
Côte d'Ivoire,Lagunes (Région des),01
Côte d'Ivoire,Haut-Sassandra (Région du),02
Côte d'Ivoire,Savanes (Région des),03
Côte d'Ivoire,Vallée du Bandama (Région de la),04
Côte d'Ivoire,Moyen-Comoé (Région du),05
Côte d'Ivoire,18 Montagnes (Région des),06
Côte d'Ivoire,Lacs (Région des),07
Côte d'Ivoire,Zanzan (Région du),08
Côte d'Ivoire,Bas-Sassandra (Région du),09
Côte d'Ivoire,Denguélé (Région du),10
Côte d'Ivoire,Nzi-Comoé (Région),11
Côte d'Ivoire,Marahoué (Région de la),12
Côte d'Ivoire,Sud-Comoé (Région du),13
Côte d'Ivoire,Worodouqou (Région du),14
Côte d'Ivoire,Sud-Bandama (Région du),15
Côte d'Ivoire,Agnébi (Région de l'),16
Côte d'Ivoire,Bafing (Région du),17
Côte d'Ivoire,Fromager (Région du),18
Côte d'Ivoire,Moyen-Cavally (Région du),19
Chile,Aisén del General Carlos Ibáñez del Campo,AI
Chile,Antofagasta,AN
Chile,Arica y Parinacota,AP
Chile,Araucanía,AR
Chile,Atacama,AT
Chile,Bío-Bío,BI
Chile,Coquimbo,CO
Chile,Libertador General Bernardo O'Higgins,LI
Chile,Los Lagos,LL
Chile,Los Ríos,LR
Chile,Magallanes y Antártica Chilena,MA
Chile,Maule,ML
Chile,Región Metropolitana de Santiago,RM
Chile,Tarapacá,TA
Chile,Valparaíso,VS
Cameroon,Adamaoua,AD
Cameroon,Centre,CE
Cameroon,Far North,EN
Cameroon,East,ES
Cameroon,Littoral,LT
Cameroon,North,NO
Cameroon,North-West (Cameroon),NW
Cameroon,West,OU
Cameroon,South,SU
Cameroon,South-West,SW
China,Beijing,11
China,Tianjin,12
China,Hebei,13
China,Shanxi,14
China,Nei Mongol,15
China,Liaoning,21
China,Jilin,22
China,Heilongjiang,23
China,Shanghai,31
China,Jiangsu,32
China,Zhejiang,33
China,Anhui,34
China,Fujian,35
China,Jiangxi,36
China,Shandong,37
China,Henan,41
China,Hubei,42
China,Hunan,43
China,Guangdong,44
China,Guangxi,45
China,Hainan,46
China,Chongqing,50
China,Sichuan,51
China,Guizhou,52
China,Yunnan,53
China,Xizang,54
China,Shaanxi,61
China,Gansu,62
China,Qinghai,63
China,Ningxia,64
China,Xinjiang,65
China,Taiwan,71
China,Xianggang (Hong-Kong),91
China,Aomen (Macau),92
Colombia,Amazonas,AMA
Colombia,Antioquia,ANT
Colombia,Arauca,ARA
Colombia,Atlántico,ATL
Colombia,Bolívar,BOL
Colombia,Boyacá,BOY
Colombia,Caldas,CAL
Colombia,Caquetá,CAQ
Colombia,Casanare,CAS
Colombia,Cauca,CAU
Colombia,Cesar,CES
Colombia,Chocó,CHO
Colombia,Córdoba,COR
Colombia,Cundinamarca,CUN
Colombia,Distrito Capital de Bogotá,DC
Colombia,Guainía,GUA
Colombia,Guaviare,GUV
Colombia,Huila,HUI
Colombia,La Guajira,LAG
Colombia,Magdalena,MAG
Colombia,Meta,MET
Colombia,Nariño,NAR
Colombia,Norte de Santander,NSA
Colombia,Putumayo,PUT
Colombia,Quindío,QUI
Colombia,Risaralda,RIS
Colombia,Santander,SAN
Colombia,"San Andrés, Providencia y Santa Catalina",SAP
Colombia,Sucre,SUC
Colombia,Tolima,TOL
Colombia,Valle del Cauca,VAC
Colombia,Vaupés,VAU
Colombia,Vichada,VID
Costa Rica,Alajuela,A
Costa Rica,Cartago,C
Costa Rica,Guanacaste,G
Costa Rica,Heredia,H
Costa Rica,Limón,L
Costa Rica,Puntarenas,P
Costa Rica,San José,SJ
Cuba,Pinar del Rio,01
Cuba,La Habana,02
Cuba,Ciudad de La Habana,03
Cuba,Matanzas,04
Cuba,Villa Clara,05
Cuba,Cienfuegos,06
Cuba,Sancti Spíritus,07
Cuba,Ciego de Ávila,08
Cuba,Camagüey,09
Cuba,Las Tunas,10
Cuba,Holguín,11
Cuba,Granma,12
Cuba,Santiago de Cuba,13
Cuba,Guantánamo,14
Cuba,Isla de la Juventud,99
Cape Verde,Ilhas de Barlavento,B
Cape Verde,Ilhas de Sotavento,S
Cyprus,Lefkosía,01
Cyprus,Lemesós,02
Cyprus,Lárnaka,03
Cyprus,Ammóchostos,04
Cyprus,Páfos,05
Cyprus,Kerýneia,06
Czech Republic,Jihočeský kraj,JC
Czech Republic,Jihomoravský kraj,JM
Czech Republic,Karlovarský kraj,KA
Czech Republic,Královéhradecký kraj,KR
Czech Republic,Liberecký kraj,LI
Czech Republic,Moravskoslezský kraj,MO
Czech Republic,Olomoucký kraj,OL
Czech Republic,Pardubický kraj,PA
Czech Republic,Plzeňský kraj,PL
Czech Republic,"Praha, hlavní město",PR
Czech Republic,Středočeský kraj,ST
Czech Republic,Ústecký kraj,US
Czech Republic,Vysočina,VY
Czech Republic,Zlínský kraj,ZL
Germany,Brandenburg,BB
Germany,Berlin,BE
Germany,Baden-Württemberg,BW
Germany,Bayern,BY
Germany,Bremen,HB
Germany,Hessen,HE
Germany,Hamburg,HH
Germany,Mecklenburg-Vorpommern,MV
Germany,Niedersachsen,NI
Germany,Nordrhein-Westfalen,NW
Germany,Rheinland-Pfalz,RP
Germany,Schleswig-Holstein,SH
Germany,Saarland,SL
Germany,Sachsen,SN
Germany,Sachsen-Anhalt,ST
Germany,Thüringen,TH
Djibouti,Arta,AR
Djibouti,Ali Sabieh,AS
Djibouti,Dikhil,DI
Djibouti,Djibouti,DJ
Djibouti,Obock,OB
Djibouti,Tadjourah,TA
Denmark,Nordjylland,81
Denmark,Midtjylland,82
Denmark,Syddanmark,83
Denmark,Hovedstaden,84
Denmark,Sjælland,85
Dominica,Saint Peter,01
Dominica,Saint Andrew,02
Dominica,Saint David,03
Dominica,Saint George,04
Dominica,Saint John,05
Dominica,Saint Joseph,06
Dominica,Saint Luke,07
Dominica,Saint Mark,08
Dominica,Saint Patrick,09
Dominica,Saint Paul,10
Dominican Republic,Distrito Nacional (Santo Domingo),01
Dominican Republic,Azua,02
Dominican Republic,Bahoruco,03
Dominican Republic,Barahona,04
Dominican Republic,Dajabón,05
Dominican Republic,Duarte,06
Dominican Republic,La Estrelleta [Elías Piña],07
Dominican Republic,El Seybo [El Seibo],08
Dominican Republic,Espaillat,09
Dominican Republic,Independencia,10
Dominican Republic,La Altagracia,11
Dominican Republic,La Romana,12
Dominican Republic,La Vega,13
Dominican Republic,María Trinidad Sánchez,14
Dominican Republic,Monte Cristi,15
Dominican Republic,Pedernales,16
Dominican Republic,Peravia,17
Dominican Republic,Puerto Plata,18
Dominican Republic,Salcedo,19
Dominican Republic,Samaná,20
Dominican Republic,San Cristóbal,21
Dominican Republic,San Juan,22
Dominican Republic,San Pedro de Macorís,23
Dominican Republic,Sánchez Ramírez,24
Dominican Republic,Santiago,25
Dominican Republic,Santiago Rodríguez,26
Dominican Republic,Valverde,27
Dominican Republic,Monseñor Nouel,28
Dominican Republic,Monte Plata,29
Dominican Republic,Hato Mayor,30
Algeria,Adrar,01
Algeria,Chlef,02
Algeria,Laghouat,03
Algeria,Oum el Bouaghi,04
Algeria,Batna,05
Algeria,Béjaïa,06
Algeria,Biskra,07
Algeria,Béchar,08
Algeria,Blida,09
Algeria,Bouira,10
Algeria,Tamanghasset,11
Algeria,Tébessa,12
Algeria,Tlemcen,13
Algeria,Tiaret,14
Algeria,Tizi Ouzou,15
Algeria,Alger,16
Algeria,Djelfa,17
Algeria,Jijel,18
Algeria,Sétif,19
Algeria,Saïda,20
Algeria,Skikda,21
Algeria,Sidi Bel Abbès,22
Algeria,Annaba,23
Algeria,Guelma,24
Algeria,Constantine,25
Algeria,Médéa,26
Algeria,Mostaganem,27
Algeria,Msila,28
Algeria,Mascara,29
Algeria,Ouargla,30
Algeria,Oran,31
Algeria,El Bayadh,32
Algeria,Illizi,33
Algeria,Bordj Bou Arréridj,34
Algeria,Boumerdès,35
Algeria,El Tarf,36
Algeria,Tindouf,37
Algeria,Tissemsilt,38
Algeria,El Oued,39
Algeria,Khenchela,40
Algeria,Souk Ahras,41
Algeria,Tipaza,42
Algeria,Mila,43
Algeria,Aïn Defla,44
Algeria,Naama,45
Algeria,Aïn Témouchent,46
Algeria,Ghardaïa,47
Algeria,Relizane,48
Ecuador,Azuay,A
Ecuador,Bolívar,B
Ecuador,Carchi,C
Ecuador,Orellana,D
Ecuador,Esmeraldas,E
Ecuador,Cañar,F
Ecuador,Guayas,G
Ecuador,Chimborazo,H
Ecuador,Imbabura,I
Ecuador,Loja,L
Ecuador,Manabí,M
Ecuador,Napo,N
Ecuador,El Oro,O
Ecuador,Pichincha,P
Ecuador,Los Ríos,R
Ecuador,Morona-Santiago,S
Ecuador,Santo Domingo de los Tsáchilas,SD
Ecuador,Santa Elena,SE
Ecuador,Tungurahua,T
Ecuador,Sucumbíos,U
Ecuador,Galápagos,W
Ecuador,Cotopaxi,X
Ecuador,Pastaza,Y
Ecuador,Zamora-Chinchipe,Z
Estonia,Harjumaa,37
Estonia,Hiiumaa,39
Estonia,Ida-Virumaa,44
Estonia,Jõgevamaa,49
Estonia,Järvamaa,51
Estonia,Läänemaa,57
Estonia,Lääne-Virumaa,59
Estonia,Põlvamaa,65
Estonia,Pärnumaa,67
Estonia,Raplamaa,70
Estonia,Saaremaa,74
Estonia,Tartumaa,78
Estonia,Valgamaa,82
Estonia,Viljandimaa,84
Estonia,Võrumaa,86
Egypt,Al Iskandarīyah,ALX
Egypt,Aswān,ASN
Egypt,Asyūt,AST
Egypt,Al Bahr al Ahmar,BA
Egypt,Al Buhayrah,BH
Egypt,Banī Suwayf,BNS
Egypt,Al Qāhirah,C
Egypt,Ad Daqahlīyah,DK
Egypt,Dumyāt,DT
Egypt,Al Fayyūm,FYM
Egypt,Al Gharbīyah,GH
Egypt,Al Jīzah,GZ
Egypt,Ḩulwān,HU
Egypt,Al Ismā`īlīyah,IS
Egypt,Janūb Sīnā',JS
Egypt,Al Qalyūbīyah,KB
Egypt,Kafr ash Shaykh,KFS
Egypt,Qinā,KN
Egypt,Al Minyā,MN
Egypt,Al Minūfīyah,MNF
Egypt,Matrūh,MT
Egypt,Būr Sa`īd,PTS
Egypt,Sūhāj,SHG
Egypt,Ash Sharqīyah,SHR
Egypt,Shamal Sīnā',SIN
Egypt,As Sādis min Uktūbar,SU
Egypt,As Suways,SUZ
Egypt,Al Wādī al Jadīd,WAD
Eritrea,Anseba,AN
Eritrea,Debubawi Keyih Bahri [Debub-Keih-Bahri],DK
Eritrea,Debub,DU
Eritrea,Gash-Barka,GB
Eritrea,Maakel [Maekel],MA
Eritrea,Semenawi Keyih Bahri [Semien-Keih-Bahri],SK
Spain,Andalucía,AN
Spain,Aragón,AR
Spain,"Asturias, Principado de",AS
Spain,Cantabria,CB
Spain,Ceuta,CE
Spain,Castilla y León,CL
Spain,Castilla-La Mancha,CM
Spain,Canarias,CN
Spain,Catalunya,CT
Spain,Extremadura,EX
Spain,Galicia,GA
Spain,Illes Balears,IB
Spain,"Murcia, Región de",MC
Spain,"Madrid, Comunidad de",MD
Spain,Melilla,ML
Spain,"Navarra, Comunidad Foral de / Nafarroako Foru Komunitatea",NC
Spain,País Vasco / Euskal Herria,PV
Spain,La Rioja,RI
Spain,"Valenciana, Comunidad / Valenciana, Comunitat ",VC
Ethiopia,Ādīs Ābeba,AA
Ethiopia,Āfar,AF
Ethiopia,Āmara,AM
Ethiopia,Bīnshangul Gumuz,BE
Ethiopia,Dirē Dawa,DD
Ethiopia,Gambēla Hizboch,GA
Ethiopia,Hārerī Hizb,HA
Ethiopia,Oromīya,OR
Ethiopia,YeDebub Bihēroch Bihēreseboch na Hizboch,SN
Ethiopia,Sumalē,SO
Ethiopia,Tigray,TI
Finland,Ahvenanmaan lääni,AL
Finland,Etelä-Suomen lääni,ES
Finland,Itä-Suomen lääni,IS
Finland,Lapin lääni,LL
Finland,Länsi-Suomen lääni,LS
Finland,Oulun lääni,OL
Fiji,Central,C
Fiji,Eastern,E
Fiji,Northern,N
Fiji,Rotuma,R
Fiji,Western,W
"Micronesia, Federated States of",Kosrae,KSA
"Micronesia, Federated States of",Pohnpei,PNI
"Micronesia, Federated States of",Chuuk,TRK
"Micronesia, Federated States of",Yap,YAP
France,Alsace,A
France,Aquitaine,B
France,Saint-Barthélemy,BL
France,Auvergne,C
France,Clipperton,CP
France,Bourgogne,D
France,Bretagne,E
France,Centre,F
France,Champagne-Ardenne,G
France,Guyane,GF
France,Guadeloupe,GP
France,Corse,H
France,Franche-Comté,I
France,Île-de-France,J
France,Languedoc-Roussillon,K
France,Limousin,L
France,Lorraine,M
France,Saint-Martin,MF
France,Martinique,MQ
France,Midi-Pyrénées,N
France,Nouvelle-Calédonie,NC
France,Nord - Pas-de-Calais,O
France,Basse-Normandie,P
France,Polynésie française,PF
France,Saint-Pierre-et-Miquelon,PM
France,Haute-Normandie,Q
France,Pays de la Loire,R
France,Réunion,RE
France,Picardie,S
France,Poitou-Charentes,T
France,Terres australes françaises,TF
France,Provence-Alpes-Côte d'Azur,U
France,Rhône-Alpes,V
France,Wallis-et-Futuna,WF
France,Mayotte,YT
Gabon,Estuaire,1
Gabon,Haut-Ogooué,2
Gabon,Moyen-Ogooué,3
Gabon,Ngounié,4
Gabon,Nyanga,5
Gabon,Ogooué-Ivindo,6
Gabon,Ogooué-Lolo,7
Gabon,Ogooué-Maritime,8
Gabon,Woleu-Ntem,9
United Kingdom,Aberdeenshire,ABD
United Kingdom,Aberdeen City,ABE
United Kingdom,Argyll and Bute,AGB
United Kingdom,Isle of Anglesey;Sir Ynys Môn,AGY
United Kingdom,Angus,ANS
United Kingdom,Antrim,ANT
United Kingdom,Ards,ARD
United Kingdom,Armagh,ARM
United Kingdom,Bath and North East Somerset,BAS
United Kingdom,Blackburn with Darwen,BBD
United Kingdom,Bedford,BDF
United Kingdom,Barking and Dagenham,BDG
United Kingdom,Brent,BEN
United Kingdom,Bexley,BEX
United Kingdom,Belfast,BFS
United Kingdom,Bridgend;Pen-y-bont ar Ogwr,BGE
United Kingdom,Blaenau Gwent,BGW
United Kingdom,Birmingham,BIR
United Kingdom,Buckinghamshire,BKM
United Kingdom,Ballymena,BLA
United Kingdom,Ballymoney,BLY
United Kingdom,Bournemouth,BMH
United Kingdom,Banbridge,BNB
United Kingdom,Barnet,BNE
United Kingdom,Brighton and Hove,BNH
United Kingdom,Barnsley,BNS
United Kingdom,Bolton,BOL
United Kingdom,Blackpool,BPL
United Kingdom,Bracknell Forest,BRC
United Kingdom,Bradford,BRD
United Kingdom,Bromley,BRY
United Kingdom,"Bristol, City of",BST
United Kingdom,Bury,BUR
United Kingdom,Cambridgeshire,CAM
United Kingdom,Caerphilly;Caerffili,CAY
United Kingdom,Central Bedfordshire,CBF
United Kingdom,Ceredigion;Sir Ceredigion,CGN
United Kingdom,Craigavon,CGV
United Kingdom,Cheshire East,CHE
United Kingdom,Cheshire West and Chester,CHW
United Kingdom,Carrickfergus,CKF
United Kingdom,Cookstown,CKT
United Kingdom,Calderdale,CLD
United Kingdom,Clackmannanshire,CLK
United Kingdom,Coleraine,CLR
United Kingdom,Cumbria,CMA
United Kingdom,Camden,CMD
United Kingdom,Carmarthenshire;Sir Gaerfyrddin,CMN
United Kingdom,Cornwall,CON
United Kingdom,Coventry,COV
United Kingdom,Cardiff;Caerdydd,CRF
United Kingdom,Croydon,CRY
United Kingdom,Castlereagh,CSR
United Kingdom,Conwy,CWY
United Kingdom,Darlington,DAL
United Kingdom,Derbyshire,DBY
United Kingdom,Denbighshire;Sir Ddinbych,DEN
United Kingdom,Derby,DER
United Kingdom,Devon,DEV
United Kingdom,Dungannon,DGN
United Kingdom,Dumfries and Galloway,DGY
United Kingdom,Doncaster,DNC
United Kingdom,Dundee City,DND
United Kingdom,Dorset,DOR
United Kingdom,Down,DOW
United Kingdom,Derry,DRY
United Kingdom,Dudley,DUD
United Kingdom,Durham,DUR
United Kingdom,Ealing,EAL
United Kingdom,England and Wales,EAW
United Kingdom,East Ayrshire,EAY
United Kingdom,"Edinburgh, City of",EDH
United Kingdom,East Dunbartonshire,EDU
United Kingdom,East Lothian,ELN
United Kingdom,Eilean Siar,ELS
United Kingdom,Enfield,ENF
United Kingdom,England,ENG
United Kingdom,East Renfrewshire,ERW
United Kingdom,East Riding of Yorkshire,ERY
United Kingdom,Essex,ESS
United Kingdom,East Sussex,ESX
United Kingdom,Falkirk,FAL
United Kingdom,Fermanagh,FER
United Kingdom,Fife,FIF
United Kingdom,Flintshire;Sir y Fflint,FLN
United Kingdom,Gateshead,GAT
United Kingdom,Great Britain,GBN
United Kingdom,Glasgow City,GLG
United Kingdom,Gloucestershire,GLS
United Kingdom,Greenwich,GRE
United Kingdom,Gwynedd,GWN
United Kingdom,Halton,HAL
United Kingdom,Hampshire,HAM
United Kingdom,Havering,HAV
United Kingdom,Hackney,HCK
United Kingdom,Herefordshire,HEF
United Kingdom,Hillingdon,HIL
United Kingdom,Highland,HLD
United Kingdom,Hammersmith and Fulham,HMF
United Kingdom,Hounslow,HNS
United Kingdom,Hartlepool,HPL
United Kingdom,Hertfordshire,HRT
United Kingdom,Harrow,HRW
United Kingdom,Haringey,HRY
United Kingdom,Isle of Wight,IOW
United Kingdom,Islington,ISL
United Kingdom,Inverclyde,IVC
United Kingdom,Kensington and Chelsea,KEC
United Kingdom,Kent,KEN
United Kingdom,Kingston upon Hull,KHL
United Kingdom,Kirklees,KIR
United Kingdom,Kingston upon Thames,KTT
United Kingdom,Knowsley,KWL
United Kingdom,Lancashire,LAN
United Kingdom,Lambeth,LBH
United Kingdom,Leicester,LCE
United Kingdom,Leeds,LDS
United Kingdom,Leicestershire,LEC
United Kingdom,Lewisham,LEW
United Kingdom,Lincolnshire,LIN
United Kingdom,Liverpool,LIV
United Kingdom,Limavady,LMV
United Kingdom,"London, City of",LND
United Kingdom,Larne,LRN
United Kingdom,Lisburn,LSB
United Kingdom,Luton,LUT
United Kingdom,Manchester,MAN
United Kingdom,Middlesbrough,MDB
United Kingdom,Medway,MDW
United Kingdom,Magherafelt,MFT
United Kingdom,Milton Keynes,MIK
United Kingdom,Midlothian,MLN
United Kingdom,Monmouthshire;Sir Fynwy,MON
United Kingdom,Merton,MRT
United Kingdom,Moray,MRY
United Kingdom,Merthyr Tydfil;Merthyr Tudful,MTY
United Kingdom,Moyle,MYL
United Kingdom,North Ayrshire,NAY
United Kingdom,Northumberland,NBL
United Kingdom,North Down,NDN
United Kingdom,North East Lincolnshire,NEL
United Kingdom,Newcastle upon Tyne,NET
United Kingdom,Norfolk,NFK
United Kingdom,Nottingham,NGM
United Kingdom,Northern Ireland,NIR
United Kingdom,North Lanarkshire,NLK
United Kingdom,North Lincolnshire,NLN
United Kingdom,North Somerset,NSM
United Kingdom,Newtownabbey,NTA
United Kingdom,Northamptonshire,NTH
United Kingdom,Neath Port Talbot;Castell-nedd Port Talbot,NTL
United Kingdom,Nottinghamshire,NTT
United Kingdom,North Tyneside,NTY
United Kingdom,Newham,NWM
United Kingdom,Newport;Casnewydd,NWP
United Kingdom,North Yorkshire,NYK
United Kingdom,Newry and Mourne,NYM
United Kingdom,Oldham,OLD
United Kingdom,Omagh,OMH
United Kingdom,Orkney Islands,ORK
United Kingdom,Oxfordshire,OXF
United Kingdom,Pembrokeshire;Sir Benfro,PEM
United Kingdom,Perth and Kinross,PKN
United Kingdom,Plymouth,PLY
United Kingdom,Poole,POL
United Kingdom,Portsmouth,POR
United Kingdom,Powys,POW
United Kingdom,Peterborough,PTE
United Kingdom,Redcar and Cleveland,RCC
United Kingdom,Rochdale,RCH
United Kingdom,"Rhondda, Cynon, Taff;Rhondda, Cynon,Taf",RCT
United Kingdom,Redbridge,RDB
United Kingdom,Reading,RDG
United Kingdom,Renfrewshire,RFW
United Kingdom,Richmond upon Thames,RIC
United Kingdom,Rotherham,ROT
United Kingdom,Rutland,RUT
United Kingdom,Sandwell,SAW
United Kingdom,South Ayrshire,SAY
United Kingdom,"Scottish Borders, The",SCB
United Kingdom,Scotland,SCT
United Kingdom,Suffolk,SFK
United Kingdom,Sefton,SFT
United Kingdom,South Gloucestershire,SGC
United Kingdom,Sheffield,SHF
United Kingdom,St. Helens,SHN
United Kingdom,Shropshire,SHR
United Kingdom,Stockport,SKP
United Kingdom,Salford,SLF
United Kingdom,Slough,SLG
United Kingdom,South Lanarkshire,SLK
United Kingdom,Sunderland,SND
United Kingdom,Solihull,SOL
United Kingdom,Somerset,SOM
United Kingdom,Southend-on-Sea,SOS
United Kingdom,Surrey,SRY
United Kingdom,Strabane,STB
United Kingdom,Stoke-on-Trent,STE
United Kingdom,Stirling,STG
United Kingdom,Southampton,STH
United Kingdom,Sutton,STN
United Kingdom,Staffordshire,STS
United Kingdom,Stockton-on-Tees,STT
United Kingdom,South Tyneside,STY
United Kingdom,Swansea;Abertawe,SWA
United Kingdom,Swindon,SWD
United Kingdom,Southwark,SWK
United Kingdom,Tameside,TAM
United Kingdom,Telford and Wrekin,TFW
United Kingdom,Thurrock,THR
United Kingdom,Torbay,TOB
United Kingdom,Torfaen;Tor-faen,TOF
United Kingdom,Trafford,TRF
United Kingdom,Tower Hamlets,TWH
United Kingdom,United Kingdom,UKM
United Kingdom,"Vale of Glamorgan, The;Bro Morgannwg",VGL
United Kingdom,Warwickshire,WAR
United Kingdom,West Berkshire,WBK
United Kingdom,West Dunbartonshire,WDU
United Kingdom,Waltham Forest,WFT
United Kingdom,Wigan,WGN
United Kingdom,Wakefield,WKF
United Kingdom,Walsall,WLL
United Kingdom,West Lothian,WLN
United Kingdom,Wales,WLS
United Kingdom,Wolverhampton,WLV
United Kingdom,Wandsworth,WND
United Kingdom,Windsor and Maidenhead,WNM
United Kingdom,Wokingham,WOK
United Kingdom,Worcestershire,WOR
United Kingdom,Wirral,WRL
United Kingdom,Warrington,WRT
United Kingdom,Wrexham;Wrecsam,WRX
United Kingdom,Westminster,WSM
United Kingdom,West Sussex,WSX
United Kingdom,York,YOR
United Kingdom,Shetland Islands,ZET
Grenada,Saint Andrew,01
Grenada,Saint David,02
Grenada,Saint George,03
Grenada,Saint John,04
Grenada,Saint Mark,05
Grenada,Saint Patrick,06
Grenada,Southern Grenadine Islands,10
Georgia,Abkhazia,AB
Georgia,Ajaria,AJ
Georgia,Guria,GU
Georgia,Imeret’i,IM
Georgia,Kakhet’i,KA
Georgia,K’vemo K’art’li,KK
Georgia,Mts’khet’a-Mt’ianet’i,MM
Georgia,Racha-Lech’khumi-K’vemo Svanet’i,RL
Georgia,Samts’khe-Javakhet’i,SJ
Georgia,Shida K’art’li,SK
Georgia,Samegrelo-Zemo Svanet’i,SZ
Georgia,T’bilisi,TB
Ghana,Greater Accra,AA
Ghana,Ashanti,AH
Ghana,Brong-Ahafo,BA
Ghana,Central,CP
Ghana,Eastern,EP
Ghana,Northern,NP
Ghana,Volta,TV
Ghana,Upper East,UE
Ghana,Upper West,UW
Ghana,Western,WP
Greenland,Kommune Kujalleq,KU
Greenland,Qaasuitsup Kommunia,QA
Greenland,Qeqqata Kommunia,QE
Greenland,Kommuneqarfik Sermersooq,SM
Gambia,Banjul,B
Gambia,Lower River,L
Gambia,Central River,M
Gambia,North Bank,N
Gambia,Upper River,U
Gambia,Western,W
Guinea,Boké,B
Guinea,Conakry,C
Guinea,Kindia,D
Guinea,Faranah,F
Guinea,Kankan,K
Guinea,Labé,L
Guinea,Mamou,M
Guinea,Nzérékoré,N
Equatorial Guinea,Annobón,AN
Equatorial Guinea,Bioko Norte,BN
Equatorial Guinea,Bioko Sur,BS
Equatorial Guinea,Región Continental,C
Equatorial Guinea,Centro Sur,CS
Equatorial Guinea,Región Insular,I
Equatorial Guinea,Kié-Ntem,KN
Equatorial Guinea,Litoral,LI
Equatorial Guinea,Wele-Nzás,WN
Greece,Agio Oros,69
Greece,Anatoliki Makedonia kai Thraki,A
Greece,Kentriki Makedonia,B
Greece,Dytiki Makedonia,C
Greece,Ipeiros,D
Greece,Thessalia,E
Greece,Ionia Nisia,F
Greece,Dytiki Ellada,G
Greece,Sterea Ellada,H
Greece,Attiki,I
Greece,Peloponnisos,J
Greece,Voreio Aigaio,K
Greece,Notio Aigaio,L
Greece,Kriti,M
Guatemala,Alta Verapaz,AV
Guatemala,Baja Verapaz,BV
Guatemala,Chimaltenango,CM
Guatemala,Chiquimula,CQ
Guatemala,Escuintla,ES
Guatemala,Guatemala,GU
Guatemala,Huehuetenango,HU
Guatemala,Izabal,IZ
Guatemala,Jalapa,JA
Guatemala,Jutiapa,JU
Guatemala,Petén,PE
Guatemala,El Progreso,PR
Guatemala,Quiché,QC
Guatemala,Quetzaltenango,QZ
Guatemala,Retalhuleu,RE
Guatemala,Sacatepéquez,SA
Guatemala,San Marcos,SM
Guatemala,Sololá,SO
Guatemala,Santa Rosa,SR
Guatemala,Suchitepéquez,SU
Guatemala,Totonicapán,TO
Guatemala,Zacapa,ZA
Guinea-Bissau,Bissau,BS
Guinea-Bissau,Leste,L
Guinea-Bissau,Norte,N
Guinea-Bissau,Sul,S
Guyana,Barima-Waini,BA
Guyana,Cuyuni-Mazaruni,CU
Guyana,Demerara-Mahaica,DE
Guyana,East Berbice-Corentyne,EB
Guyana,Essequibo Islands-West Demerara,ES
Guyana,Mahaica-Berbice,MA
Guyana,Pomeroon-Supenaam,PM
Guyana,Potaro-Siparuni,PT
Guyana,Upper Demerara-Berbice,UD
Guyana,Upper Takutu-Upper Essequibo,UT
Honduras,Atlántida,AT
Honduras,Choluteca,CH
Honduras,Colón,CL
Honduras,Comayagua,CM
Honduras,Copán,CP
Honduras,Cortés,CR
Honduras,El Paraíso,EP
Honduras,Francisco Morazán,FM
Honduras,Gracias a Dios,GD
Honduras,Islas de la Bahía,IB
Honduras,Intibucá,IN
Honduras,Lempira,LE
Honduras,La Paz,LP
Honduras,Ocotepeque,OC
Honduras,Olancho,OL
Honduras,Santa Bárbara,SB
Honduras,Valle,VA
Honduras,Yoro,YO
Croatia,Zagrebačka županija,01
Croatia,Krapinsko-zagorska županija,02
Croatia,Sisačko-moslavačka županija,03
Croatia,Karlovačka županija,04
Croatia,Varaždinska županija,05
Croatia,Koprivničko-križevačka županija,06
Croatia,Bjelovarsko-bilogorska županija,07
Croatia,Primorsko-goranska županija,08
Croatia,Ličko-senjska županija,09
Croatia,Virovitičko-podravska županija,10
Croatia,Požeško-slavonska županija,11
Croatia,Brodsko-posavska županija,12
Croatia,Zadarska županija,13
Croatia,Osječko-baranjska županija,14
Croatia,Šibensko-kninska županija,15
Croatia,Vukovarsko-srijemska županija,16
Croatia,Splitsko-dalmatinska županija,17
Croatia,Istarska županija,18
Croatia,Dubrovačko-neretvanska županija,19
Croatia,Međimurska županija,20
Croatia,Grad Zagreb,21
Haiti,Artibonite,AR
Haiti,Centre,CE
Haiti,Grande-Anse,GA
Haiti,Nord,ND
Haiti,Nord-Est,NE
Haiti,Nord-Ouest,NO
Haiti,Ouest,OU
Haiti,Sud,SD
Haiti,Sud-Est,SE
Hungary,Baranya,BA
Hungary,Békéscsaba,BC
Hungary,Békés,BE
Hungary,Bács-Kiskun,BK
Hungary,Budapest,BU
Hungary,Borsod-Abaúj-Zemplén,BZ
Hungary,Csongrád,CS
Hungary,Debrecen,DE
Hungary,Dunaújváros,DU
Hungary,Eger,EG
Hungary,Érd,ER
Hungary,Fejér,FE
Hungary,Győr-Moson-Sopron,GS
Hungary,Győr,GY
Hungary,Hajdú-Bihar,HB
Hungary,Heves,HE
Hungary,Hódmezővásárhely,HV
Hungary,Jász-Nagykun-Szolnok,JN
Hungary,Komárom-Esztergom,KE
Hungary,Kecskemét,KM
Hungary,Kaposvár,KV
Hungary,Miskolc,MI
Hungary,Nagykanizsa,NK
Hungary,Nógrád,NO
Hungary,Nyíregyháza,NY
Hungary,Pest,PE
Hungary,Pécs,PS
Hungary,Szeged,SD
Hungary,Székesfehérvár,SF
Hungary,Szombathely,SH
Hungary,Szolnok,SK
Hungary,Sopron,SN
Hungary,Somogy,SO
Hungary,Szekszárd,SS
Hungary,Salgótarján,ST
Hungary,Szabolcs-Szatmár-Bereg,SZ
Hungary,Tatabánya,TB
Hungary,Tolna,TO
Hungary,Vas,VA
Hungary,Veszprém (county),VE
Hungary,Veszprém,VM
Hungary,Zala,ZA
Hungary,Zalaegerszeg,ZE
Indonesia,Papua,IJ
Indonesia,Jawa,JW
Indonesia,Kalimantan,KA
Indonesia,Maluku,MA
Indonesia,Nusa Tenggara,NU
Indonesia,Sulawesi,SL
Indonesia,Sumatera,SM
Ireland,Connacht,C
Ireland,Leinster,L
Ireland,Munster,M
Ireland,Ulster,U
Israel,HaDarom,D
Israel,Hefa,HA
Israel,Yerushalayim Al Quds,JM
Israel,HaMerkaz,M
Israel,Tel-Aviv,TA
Israel,HaZafon,Z
India,Andaman and Nicobar Islands,AN
India,Andhra Pradesh,AP
India,Arunāchal Pradesh,AR
India,Assam,AS
India,Bihār,BR
India,Chandīgarh,CH
India,Chhattīsgarh,CT
India,Damān and Diu,DD
India,Delhi,DL
India,Dādra and Nagar Haveli,DN
India,Goa,GA
India,Gujarāt,GJ
India,Himāchal Pradesh,HP
India,Haryāna,HR
India,Jharkhand,JH
India,Jammu and Kashmīr,JK
India,Karnātaka,KA
India,Kerala,KL
India,Lakshadweep,LD
India,Mahārāshtra,MH
India,Meghālaya,ML
India,Manipur,MN
India,Madhya Pradesh,MP
India,Mizoram,MZ
India,Nāgāland,NL
India,Orissa,OR
India,Punjab,PB
India,Pondicherry,PY
India,Rājasthān,RJ
India,Sikkim,SK
India,Tamil Nādu,TN
India,Tripura,TR
India,Uttaranchal,UL
India,Uttar Pradesh,UP
India,West Bengal,WB
Iraq,Al Anbar,AN
Iraq,Arbil,AR
Iraq,Al Basrah,BA
Iraq,Babil,BB
Iraq,Baghdad,BG
Iraq,Dahuk,DA
Iraq,Diyala,DI
Iraq,Dhi Qar,DQ
Iraq,Karbala',KA
Iraq,Maysan,MA
Iraq,Al Muthanna,MU
Iraq,An Najef,NA
Iraq,Ninawa,NI
Iraq,Al Qadisiyah,QA
Iraq,Salah ad Din,SD
Iraq,As Sulaymaniyah,SW
Iraq,At Ta'mim,TS
Iraq,Wasit,WA
"Iran, Islamic Republic of",Āzarbāyjān-e Sharqī,01
"Iran, Islamic Republic of",Āzarbāyjān-e Gharbī,02
"Iran, Islamic Republic of",Ardabīl,03
"Iran, Islamic Republic of",Eşfahān,04
"Iran, Islamic Republic of",Īlām,05
"Iran, Islamic Republic of",Būshehr,06
"Iran, Islamic Republic of",Tehrān,07
"Iran, Islamic Republic of",Chahār Mahāll va Bakhtīārī,08
"Iran, Islamic Republic of",Khūzestān,10
"Iran, Islamic Republic of",Zanjān,11
"Iran, Islamic Republic of",Semnān,12
"Iran, Islamic Republic of",Sīstān va Balūchestān,13
"Iran, Islamic Republic of",Fārs,14
"Iran, Islamic Republic of",Kermān,15
"Iran, Islamic Republic of",Kordestān,16
"Iran, Islamic Republic of",Kermānshāh,17
"Iran, Islamic Republic of",Kohgīlūyeh va Būyer Ahmad,18
"Iran, Islamic Republic of",Gīlān,19
"Iran, Islamic Republic of",Lorestān,20
"Iran, Islamic Republic of",Māzandarān,21
"Iran, Islamic Republic of",Markazī,22
"Iran, Islamic Republic of",Hormozgān,23
"Iran, Islamic Republic of",Hamadān,24
"Iran, Islamic Republic of",Yazd,25
"Iran, Islamic Republic of",Qom,26
"Iran, Islamic Republic of",Golestān,27
"Iran, Islamic Republic of",Qazvīn,28
"Iran, Islamic Republic of",Khorāsān-e Janūbī,29
"Iran, Islamic Republic of",Khorāsān-e Razavī,30
"Iran, Islamic Republic of",Khorāsān-e Shemālī,31
Iceland,Reykjavík,0
Iceland,Höfuðborgarsvæðið,1
Iceland,Suðurnes,2
Iceland,Vesturland,3
Iceland,Vestfirðir,4
Iceland,Norðurland vestra,5
Iceland,Norðurland eystra,6
Iceland,Austurland,7
Iceland,Suðurland,8
Italy,Piemonte,21
Italy,Valle d'Aosta,23
Italy,Lombardia,25
Italy,Trentino-Alto Adige,32
Italy,Veneto,34
Italy,Friuli-Venezia Giulia,36
Italy,Liguria,42
Italy,Emilia-Romagna,45
Italy,Toscana,52
Italy,Umbria,55
Italy,Marche,57
Italy,Lazio,62
Italy,Abruzzo,65
Italy,Molise,67
Italy,Campania,72
Italy,Puglia,75
Italy,Basilicata,77
Italy,Calabria,78
Italy,Sicilia,82
Italy,Sardegna,88
Jamaica,Kingston,01
Jamaica,Saint Andrew,02
Jamaica,Saint Thomas,03
Jamaica,Portland,04
Jamaica,Saint Mary,05
Jamaica,Saint Ann,06
Jamaica,Trelawny,07
Jamaica,Saint James,08
Jamaica,Hanover,09
Jamaica,Westmoreland,10
Jamaica,Saint Elizabeth,11
Jamaica,Manchester,12
Jamaica,Clarendon,13
Jamaica,Saint Catherine,14
Jordan,`Ajlun,AJ
Jordan,Amman,AM
Jordan,Al `Aqabah,AQ
Jordan,Aţ Ţafīlah,AT
Jordan,Az Zarqā',AZ
Jordan,Al Balqā',BA
Jordan,Jarash,JA
Jordan,Irbid,JR
Jordan,Al Karak,KA
Jordan,Al Mafraq,MA
Jordan,Mādabā,MD
Jordan,Ma`ān,MN
Japan,Hokkaido,01
Japan,Aomori,02
Japan,Iwate,03
Japan,Miyagi,04
Japan,Akita,05
Japan,Yamagata,06
Japan,Fukushima,07
Japan,Ibaraki,08
Japan,Tochigi,09
Japan,Gunma,10
Japan,Saitama,11
Japan,Chiba,12
Japan,Tokyo,13
Japan,Kanagawa,14
Japan,Niigata,15
Japan,Toyama,16
Japan,Ishikawa,17
Japan,Fukui,18
Japan,Yamanashi,19
Japan,Nagano,20
Japan,Gifu,21
Japan,Shizuoka,22
Japan,Aichi,23
Japan,Mie,24
Japan,Shiga,25
Japan,Kyoto,26
Japan,Osaka,27
Japan,Hyogo,28
Japan,Nara,29
Japan,Wakayama,30
Japan,Tottori,31
Japan,Shimane,32
Japan,Okayama,33
Japan,Hiroshima,34
Japan,Yamaguchi,35
Japan,Tokushima,36
Japan,Kagawa,37
Japan,Ehime,38
Japan,Kochi,39
Japan,Fukuoka,40
Japan,Saga,41
Japan,Nagasaki,42
Japan,Kumamoto,43
Japan,Oita,44
Japan,Miyazaki,45
Japan,Kagoshima,46
Japan,Okinawa,47
Kenya,Nairobi Municipality,110
Kenya,Central,200
Kenya,Coast,300
Kenya,Eastern,400
Kenya,North-Eastern Kaskazini Mashariki,500
Kenya,Rift Valley,700
Kenya,Western Magharibi,900
Kyrgyzstan,Batken,B
Kyrgyzstan,Chü,C
Kyrgyzstan,Bishkek,GB
Kyrgyzstan,Jalal-Abad,J
Kyrgyzstan,Naryn,N
Kyrgyzstan,Osh,O
Kyrgyzstan,Talas,T
Kyrgyzstan,Ysyk-Köl,Y
Cambodia,Banteay Mean Chey,1
Cambodia,Krachoh,10
Cambodia,Mondol Kiri,11
Cambodia,Phnom Penh,12
Cambodia,Preah Vihear,13
Cambodia,Prey Veaeng,14
Cambodia,Pousaat,15
Cambodia,Rotanak Kiri,16
Cambodia,Siem Reab,17
Cambodia,Krong Preah Sihanouk,18
Cambodia,Stueng Traeng,19
Cambodia,Battambang,2
Cambodia,Svaay Rieng,20
Cambodia,Taakaev,21
Cambodia,Otdar Mean Chey,22
Cambodia,Krong Kaeb,23
Cambodia,Krong Pailin,24
Cambodia,Kampong Cham,3
Cambodia,Kampong Chhnang,4
Cambodia,Kampong Speu,5
Cambodia,Kampong Thom,6
Cambodia,Kampot,7
Cambodia,Kandal,8
Cambodia,Kach Kong,9
Kiribati,Gilbert Islands,G
Kiribati,Line Islands,L
Kiribati,Phoenix Islands,P
Comoros,Andjouân (Anjwān),A
Comoros,Andjazîdja (Anjazījah),G
Comoros,Moûhîlî (Mūhīlī),M
Saint Kitts and Nevis,Saint Kitts,K
Saint Kitts and Nevis,Nevis,N
"Korea, Democratic People's Republic of",P’yŏngyang,01
"Korea, Democratic People's Republic of",P’yŏngan-namdo,02
"Korea, Democratic People's Republic of",P’yŏngan-bukto,03
"Korea, Democratic People's Republic of",Chagang-do,04
"Korea, Democratic People's Republic of",Hwanghae-namdo,05
"Korea, Democratic People's Republic of",Hwanghae-bukto,06
"Korea, Democratic People's Republic of",Kangwŏn-do,07
"Korea, Democratic People's Republic of",Hamgyŏng-namdo,08
"Korea, Democratic People's Republic of",Hamgyŏng-bukto,09
"Korea, Democratic People's Republic of",Yanggang-do,10
"Korea, Democratic People's Republic of",Nasŏn (Najin-Sŏnbong),13
"Korea, Republic of",Seoul Teugbyeolsi,11
"Korea, Republic of",Busan Gwang'yeogsi,26
"Korea, Republic of",Daegu Gwang'yeogsi,27
"Korea, Republic of",Incheon Gwang'yeogsi,28
"Korea, Republic of",Gwangju Gwang'yeogsi,29
"Korea, Republic of",Daejeon Gwang'yeogsi,30
"Korea, Republic of",Ulsan Gwang'yeogsi,31
"Korea, Republic of",Gyeonggido,41
"Korea, Republic of",Gang'weondo,42
"Korea, Republic of",Chungcheongbukdo,43
"Korea, Republic of",Chungcheongnamdo,44
"Korea, Republic of",Jeonrabukdo,45
"Korea, Republic of",Jeonranamdo,46
"Korea, Republic of",Gyeongsangbukdo,47
"Korea, Republic of",Gyeongsangnamdo,48
"Korea, Republic of",Jejudo,49
Kuwait,Al Ahmadi,AH
Kuwait,Al Farwānīyah,FA
Kuwait,Hawallī,HA
Kuwait,Al Jahrah,JA
Kuwait,Al Kuwayt,KU
Kazakhstan,Aqmola oblysy,AKM
Kazakhstan,Aqtöbe oblysy,AKT
Kazakhstan,Almaty,ALA
Kazakhstan,Almaty oblysy,ALM
Kazakhstan,Astana,AST
Kazakhstan,Atyraū oblysy,ATY
Kazakhstan,Qaraghandy oblysy,KAR
Kazakhstan,Qostanay oblysy,KUS
Kazakhstan,Qyzylorda oblysy,KZY
Kazakhstan,Mangghystaū oblysy,MAN
Kazakhstan,Pavlodar oblysy,PAV
Kazakhstan,Soltüstik Quzaqstan oblysy,SEV
Kazakhstan,Shyghys Qazaqstan oblysy,VOS
Kazakhstan,Ongtüstik Qazaqstan oblysy,YUZ
Kazakhstan,Batys Quzaqstan oblysy,ZAP
Kazakhstan,Zhambyl oblysy,ZHA
Lao People's Democratic Republic,Attapu,AT
Lao People's Democratic Republic,Bokèo,BK
Lao People's Democratic Republic,Bolikhamxai,BL
Lao People's Democratic Republic,Champasak,CH
Lao People's Democratic Republic,Houaphan,HO
Lao People's Democratic Republic,Khammouan,KH
Lao People's Democratic Republic,Louang Namtha,LM
Lao People's Democratic Republic,Louangphabang,LP
Lao People's Democratic Republic,Oudômxai,OU
Lao People's Democratic Republic,Phôngsali,PH
Lao People's Democratic Republic,Salavan,SL
Lao People's Democratic Republic,Savannakhét,SV
Lao People's Democratic Republic,Vientiane,VI
Lao People's Democratic Republic,Vientiane,VT
Lao People's Democratic Republic,Xaignabouli,XA
Lao People's Democratic Republic,Xékong,XE
Lao People's Democratic Republic,Xiangkhoang,XI
Lao People's Democratic Republic,Xiasômboun,XN
Lebanon,Aakkâr,AK
Lebanon,Liban-Nord,AS
Lebanon,Beyrouth,BA
Lebanon,Baalbek-Hermel,BH
Lebanon,Béqaa,BI
Lebanon,Liban-Sud,JA
Lebanon,Mont-Liban,JL
Lebanon,Nabatîyé,NA
Liechtenstein,Balzers,01
Liechtenstein,Eschen,02
Liechtenstein,Gamprin,03
Liechtenstein,Mauren,04
Liechtenstein,Planken,05
Liechtenstein,Ruggell,06
Liechtenstein,Schaan,07
Liechtenstein,Schellenberg,08
Liechtenstein,Triesen,09
Liechtenstein,Triesenberg,10
Liechtenstein,Vaduz,11
Sri Lanka,Basnāhira paḷāta,1
Sri Lanka,Madhyama paḷāta,2
Sri Lanka,Dakuṇu paḷāta,3
Sri Lanka,Uturu paḷāta,4
Sri Lanka,Næ̆gĕnahira paḷāta,5
Sri Lanka,Vayamba paḷāta,6
Sri Lanka,Uturumæ̆da paḷāta,7
Sri Lanka,Ūva paḷāta,8
Sri Lanka,Sabaragamuva paḷāta,9
Liberia,Bong,BG
Liberia,Bomi,BM
Liberia,Grand Cape Mount,CM
Liberia,Grand Bassa,GB
Liberia,Grand Gedeh,GG
Liberia,Grand Kru,GK
Liberia,Lofa,LO
Liberia,Margibi,MG
Liberia,Montserrado,MO
Liberia,Maryland,MY
Liberia,Nimba,NI
Liberia,Rivercess,RI
Liberia,Sinoe,SI
Lesotho,Maseru,A
Lesotho,Butha-Buthe,B
Lesotho,Leribe,C
Lesotho,Berea,D
Lesotho,Mafeteng,E
Lesotho,Mohale's Hoek,F
Lesotho,Quthing,G
Lesotho,Qacha's Nek,H
Lesotho,Mokhotlong,J
Lesotho,Thaba-Tseka,K
Lithuania,Alytaus Apskritis,AL
Lithuania,Klaipėdos Apskritis,KL
Lithuania,Kauno Apskritis,KU
Lithuania,Marijampolės Apskritis,MR
Lithuania,Panevėžio Apskritis,PN
Lithuania,Šiaulių Apskritis,SA
Lithuania,Tauragés Apskritis,TA
Lithuania,Telšių Apskritis,TE
Lithuania,Utenos Apskritis,UT
Lithuania,Vilniaus Apskritis,VL
Luxembourg,Diekirch,D
Luxembourg,Grevenmacher,G
Luxembourg,Luxembourg,L
Latvia,Aizkraukle Apriņķis,AI
Latvia,Alūksne Apriņķis,AL
Latvia,Balvi Apriņķis,BL
Latvia,Bauska Apriņķis,BU
Latvia,Cēsis Apriņķis,CE
Latvia,Daugavpils Apriņķis,DA
Latvia,Daugavpils,DGV
Latvia,Dobele Apriņķis,DO
Latvia,Gulbene Apriņķis,GU
Latvia,Jelgava,JEL
Latvia,Jēkabpils Apriņķis,JK
Latvia,Jelgava Apriņķis,JL
Latvia,Jūrmala,JUR
Latvia,Krāslava Apriņķis,KR
Latvia,Kuldīga Apriņķis,KU
Latvia,Liepāja Apriņķis,LE
Latvia,Limbaži Apriņķis,LM
Latvia,Liepāja,LPX
Latvia,Ludza Apriņķis,LU
Latvia,Madona Apriņķis,MA
Latvia,Ogre Apriņķis,OG
Latvia,Preiļi Apriņķis,PR
Latvia,Rēzekne Apriņķis,RE
Latvia,Rēzekne,REZ
Latvia,Rīga Apriņķis,RI
Latvia,Rīga,RIX
Latvia,Saldus Apriņķis,SA
Latvia,Talsi Apriņķis,TA
Latvia,Tukums Apriņķis,TU
Latvia,Ventspils Apriņķis,VE
Latvia,Ventspils,VEN
Latvia,Valka Apriņķis,VK
Latvia,Valmiera Apriņķis,VM
Libya,Banghāzī,BA
Libya,Al Buţnān,BU
Libya,Darnah,DR
Libya,Ghāt,GT
Libya,Al Jabal al Akhḑar,JA
Libya,Jaghbūb,JB
Libya,Al Jabal al Gharbī,JG
Libya,Al Jifārah,JI
Libya,Al Jufrah,JU
Libya,Al Kufrah,KF
Libya,Al Marqab,MB
Libya,Mişrātah,MI
Libya,Al Marj,MJ
Libya,Murzuq,MQ
Libya,Nālūt,NL
Libya,An Nuqaţ al Khams,NQ
Libya,Sabhā,SB
Libya,Surt,SR
Libya,Ţarābulus,TB
Libya,Al Wāḩāt,WA
Libya,Wādī al Ḩayāt,WD
Libya,Wādī ash Shāţiʾ,WS
Libya,Az Zāwiyah,ZA
Morocco,Tanger-Tétouan,01
Morocco,Gharb-Chrarda-Beni Hssen,02
Morocco,Taza-Al Hoceima-Taounate,03
Morocco,L'Oriental,04
Morocco,Fès-Boulemane,05
Morocco,Meknès-Tafilalet,06
Morocco,Rabat-Salé-Zemmour-Zaer,07
Morocco,Grand Casablanca,08
Morocco,Chaouia-Ouardigha,09
Morocco,Doukhala-Abda,10
Morocco,Marrakech-Tensift-Al Haouz,11
Morocco,Tadla-Azilal,12
Morocco,Sous-Massa-Draa,13
Morocco,Guelmim-Es Smara,14
Morocco,Laâyoune-Boujdour-Sakia el Hamra,15
Morocco,Oued ed Dahab-Lagouira,16
"Moldova, Republic of",Anenii Noi,AN
"Moldova, Republic of",Bălți,BA
"Moldova, Republic of",Tighina,BD
"Moldova, Republic of",Briceni,BR
"Moldova, Republic of",Basarabeasca,BS
"Moldova, Republic of",Cahul,CA
"Moldova, Republic of",Călărași,CL
"Moldova, Republic of",Cimișlia,CM
"Moldova, Republic of",Criuleni,CR
"Moldova, Republic of",Căușeni,CS
"Moldova, Republic of",Cantemir,CT
"Moldova, Republic of",Chișinău,CU
"Moldova, Republic of",Dondușeni,DO
"Moldova, Republic of",Drochia,DR
"Moldova, Republic of",Dubăsari,DU
"Moldova, Republic of",Edineț,ED
"Moldova, Republic of",Fălești,FA
"Moldova, Republic of",Florești,FL
"Moldova, Republic of","Găgăuzia, Unitatea teritorială autonomă",GA
"Moldova, Republic of",Glodeni,GL
"Moldova, Republic of",Hîncești,HI
"Moldova, Republic of",Ialoveni,IA
"Moldova, Republic of",Leova,LE
"Moldova, Republic of",Nisporeni,NI
"Moldova, Republic of",Ocnița,OC
"Moldova, Republic of",Orhei,OR
"Moldova, Republic of",Rezina,RE
"Moldova, Republic of",Rîșcani,RI
"Moldova, Republic of",Șoldănești,SD
"Moldova, Republic of",Sîngerei,SI
"Moldova, Republic of","Stînga Nistrului, unitatea teritorială din",SN
"Moldova, Republic of",Soroca,SO
"Moldova, Republic of",Strășeni,ST
"Moldova, Republic of",Ștefan Vodă,SV
"Moldova, Republic of",Taraclia,TA
"Moldova, Republic of",Telenești,TE
"Moldova, Republic of",Ungheni,UN
Montenegro,Andrijevica,01
Montenegro,Bar,02
Montenegro,Berane,03
Montenegro,Bijelo Polje,04
Montenegro,Budva,05
Montenegro,Cetinje,06
Montenegro,Danilovgrad,07
Montenegro,Herceg-Novi,08
Montenegro,Kolašin,09
Montenegro,Kotor,10
Montenegro,Mojkovac,11
Montenegro,Nikšić,12
Montenegro,Plav,13
Montenegro,Pljevlja,14
Montenegro,Plužine,15
Montenegro,Podgorica,16
Montenegro,Rožaje,17
Montenegro,Šavnik,18
Montenegro,Tivat,19
Montenegro,Ulcinj,20
Montenegro,Žabljak,21
Madagascar,Toamasina,A
Madagascar,Antsiranana,D
Madagascar,Fianarantsoa,F
Madagascar,Mahajanga,M
Madagascar,Antananarivo,T
Madagascar,Toliara,U
Marshall Islands,Ralik chain,L
Marshall Islands,Ratak chain,T
"Macedonia, Republic of",Aerodrom,01
"Macedonia, Republic of",Aračinovo,02
"Macedonia, Republic of",Berovo,03
"Macedonia, Republic of",Bitola,04
"Macedonia, Republic of",Bogdanci,05
"Macedonia, Republic of",Bogovinje,06
"Macedonia, Republic of",Bosilovo,07
"Macedonia, Republic of",Brvenica,08
"Macedonia, Republic of",Butel,09
"Macedonia, Republic of",Valandovo,10
"Macedonia, Republic of",Vasilevo,11
"Macedonia, Republic of",Vevčani,12
"Macedonia, Republic of",Veles,13
"Macedonia, Republic of",Vinica,14
"Macedonia, Republic of",Vraneštica,15
"Macedonia, Republic of",Vrapčište,16
"Macedonia, Republic of",Gazi Baba,17
"Macedonia, Republic of",Gevgelija,18
"Macedonia, Republic of",Gostivar,19
"Macedonia, Republic of",Gradsko,20
"Macedonia, Republic of",Debar,21
"Macedonia, Republic of",Debarca,22
"Macedonia, Republic of",Delčevo,23
"Macedonia, Republic of",Demir Kapija,24
"Macedonia, Republic of",Demir Hisar,25
"Macedonia, Republic of",Dojran,26
"Macedonia, Republic of",Dolneni,27
"Macedonia, Republic of",Drugovo,28
"Macedonia, Republic of",Gjorče Petrov,29
"Macedonia, Republic of",Želino,30
"Macedonia, Republic of",Zajas,31
"Macedonia, Republic of",Zelenikovo,32
"Macedonia, Republic of",Zrnovci,33
"Macedonia, Republic of",Ilinden,34
"Macedonia, Republic of",Jegunovce,35
"Macedonia, Republic of",Kavadarci,36
"Macedonia, Republic of",Karbinci,37
"Macedonia, Republic of",Karpoš,38
"Macedonia, Republic of",Kisela Voda,39
"Macedonia, Republic of",Kičevo,40
"Macedonia, Republic of",Konče,41
"Macedonia, Republic of",Kočani,42
"Macedonia, Republic of",Kratovo,43
"Macedonia, Republic of",Kriva Palanka,44
"Macedonia, Republic of",Krivogaštani,45
"Macedonia, Republic of",Kruševo,46
"Macedonia, Republic of",Kumanovo,47
"Macedonia, Republic of",Lipkovo,48
"Macedonia, Republic of",Lozovo,49
"Macedonia, Republic of",Mavrovo-i-Rostuša,50
"Macedonia, Republic of",Makedonska Kamenica,51
"Macedonia, Republic of",Makedonski Brod,52
"Macedonia, Republic of",Mogila,53
"Macedonia, Republic of",Negotino,54
"Macedonia, Republic of",Novaci,55
"Macedonia, Republic of",Novo Selo,56
"Macedonia, Republic of",Oslomej,57
"Macedonia, Republic of",Ohrid,58
"Macedonia, Republic of",Petrovec,59
"Macedonia, Republic of",Pehčevo,60
"Macedonia, Republic of",Plasnica,61
"Macedonia, Republic of",Prilep,62
"Macedonia, Republic of",Probištip,63
"Macedonia, Republic of",Radoviš,64
"Macedonia, Republic of",Rankovce,65
"Macedonia, Republic of",Resen,66
"Macedonia, Republic of",Rosoman,67
"Macedonia, Republic of",Saraj,68
"Macedonia, Republic of",Sveti Nikole,69
"Macedonia, Republic of",Sopište,70
"Macedonia, Republic of",Staro Nagoričane,71
"Macedonia, Republic of",Struga,72
"Macedonia, Republic of",Strumica,73
"Macedonia, Republic of",Studeničani,74
"Macedonia, Republic of",Tearce,75
"Macedonia, Republic of",Tetovo,76
"Macedonia, Republic of",Centar,77
"Macedonia, Republic of",Centar Župa,78
"Macedonia, Republic of",Čair,79
"Macedonia, Republic of",Čaška,80
"Macedonia, Republic of",Češinovo-Obleševo,81
"Macedonia, Republic of",Čučer Sandevo,82
"Macedonia, Republic of",Štip,83
"Macedonia, Republic of",Šuto Orizari,84
Mali,Kayes,1
Mali,Koulikoro,2
Mali,Sikasso,3
Mali,Ségou,4
Mali,Mopti,5
Mali,Tombouctou,6
Mali,Gao,7
Mali,Kidal,8
Mali,Bamako,BK0
Myanmar,Sagaing,01
Myanmar,Bago,02
Myanmar,Magway,03
Myanmar,Mandalay,04
Myanmar,Tanintharyi,05
Myanmar,Yangon,06
Myanmar,Ayeyarwady,07
Myanmar,Kachin,11
Myanmar,Kayah,12
Myanmar,Kayin,13
Myanmar,Chin,14
Myanmar,Mon,15
Myanmar,Rakhine,16
Myanmar,Shan,17
Mongolia,Orhon,035
Mongolia,Darhan uul,037
Mongolia,Hentiy,039
Mongolia,Hövsgöl,041
Mongolia,Hovd,043
Mongolia,Uvs,046
Mongolia,Töv,047
Mongolia,Selenge,049
Mongolia,Sühbaatar,051
Mongolia,Ömnögovi,053
Mongolia,Övörhangay,055
Mongolia,Dzavhan,057
Mongolia,Dundgovi,059
Mongolia,Dornod,061
Mongolia,Dornogovi,063
Mongolia,Govi-Sumber,064
Mongolia,Govi-Altay,065
Mongolia,Bulgan,067
Mongolia,Bayanhongor,069
Mongolia,Bayan-Ölgiy,071
Mongolia,Arhangay,073
Mongolia,Ulanbaatar,1
Mauritania,Hodh ech Chargui,01
Mauritania,Hodh el Charbi,02
Mauritania,Assaba,03
Mauritania,Gorgol,04
Mauritania,Brakna,05
Mauritania,Trarza,06
Mauritania,Adrar,07
Mauritania,Dakhlet Nouadhibou,08
Mauritania,Tagant,09
Mauritania,Guidimaka,10
Mauritania,Tiris Zemmour,11
Mauritania,Inchiri,12
Mauritania,Nouakchott,NKC
Malta,Attard,01
Malta,Balzan,02
Malta,Birgu,03
Malta,Birkirkara,04
Malta,Birżebbuġa,05
Malta,Bormla,06
Malta,Dingli,07
Malta,Fgura,08
Malta,Floriana,09
Malta,Fontana,10
Malta,Gudja,11
Malta,Gżira,12
Malta,Għajnsielem,13
Malta,Għarb,14
Malta,Għargħur,15
Malta,Għasri,16
Malta,Għaxaq,17
Malta,Ħamrun,18
Malta,Iklin,19
Malta,Isla,20
Malta,Kalkara,21
Malta,Kerċem,22
Malta,Kirkop,23
Malta,Lija,24
Malta,Luqa,25
Malta,Marsa,26
Malta,Marsaskala,27
Malta,Marsaxlokk,28
Malta,Mdina,29
Malta,Mellieħa,30
Malta,Mġarr,31
Malta,Mosta,32
Malta,Mqabba,33
Malta,Msida,34
Malta,Mtarfa,35
Malta,Munxar,36
Malta,Nadur,37
Malta,Naxxar,38
Malta,Paola,39
Malta,Pembroke,40
Malta,Pietà,41
Malta,Qala,42
Malta,Qormi,43
Malta,Qrendi,44
Malta,Rabat Għawdex,45
Malta,Rabat Malta,46
Malta,Safi,47
Malta,San Ġiljan,48
Malta,San Ġwann,49
Malta,San Lawrenz,50
Malta,San Pawl il-Baħar,51
Malta,Sannat,52
Malta,Santa Luċija,53
Malta,Santa Venera,54
Malta,Siġġiewi,55
Malta,Sliema,56
Malta,Swieqi,57
Malta,Ta’ Xbiex,58
Malta,Tarxien,59
Malta,Valletta,60
Malta,Xagħra,61
Malta,Xewkija,62
Malta,Xgħajra,63
Malta,Żabbar,64
Malta,Żebbuġ Għawdex,65
Malta,Żebbuġ Malta,66
Malta,Żejtun,67
Malta,Żurrieq,68
Mauritius,Agalega Islands,AG
Mauritius,Black River,BL
Mauritius,Beau Bassin-Rose Hill,BR
Mauritius,Cargados Carajos Shoals,CC
Mauritius,Curepipe,CU
Mauritius,Flacq,FL
Mauritius,Grand Port,GP
Mauritius,Moka,MO
Mauritius,Pamplemousses,PA
Mauritius,Port Louis,PL
Mauritius,Port Louis,PU
Mauritius,Plaines Wilhems,PW
Mauritius,Quatre Bornes,QB
Mauritius,Rodrigues Island,RO
Mauritius,Rivière du Rempart,RP
Mauritius,Savanne,SA
Mauritius,Vacoas-Phoenix,VP
Maldives,Seenu,01
Maldives,Alif,02
Maldives,Lhaviyani,03
Maldives,Vaavu,04
Maldives,Laamu,05
Maldives,Haa Alif,07
Maldives,Thaa,08
Maldives,Meemu,12
Maldives,Raa,13
Maldives,Faafu,14
Maldives,Dhaalu,17
Maldives,Baa,20
Maldives,Haa Dhaalu,23
Maldives,Shaviyani,24
Maldives,Noonu,25
Maldives,Kaafu,26
Maldives,Gaafu Aliff,27
Maldives,Gaafu Daalu,28
Maldives,Gnaviyani,29
Maldives,Male,MLE
Malawi,Central Region,C
Malawi,Northern Region,N
Malawi,Southern Region,S
Mexico,Aguascalientes,AGU
Mexico,Baja California,BCN
Mexico,Baja California Sur,BCS
Mexico,Campeche,CAM
Mexico,Chihuahua,CHH
Mexico,Chiapas,CHP
Mexico,Coahuila,COA
Mexico,Colima,COL
Mexico,Distrito Federal,DIF
Mexico,Durango,DUR
Mexico,Guerrero,GRO
Mexico,Guanajuato,GUA
Mexico,Hidalgo,HID
Mexico,Jalisco,JAL
Mexico,México,MEX
Mexico,Michoacán,MIC
Mexico,Morelos,MOR
Mexico,Nayarit,NAY
Mexico,Nuevo León,NLE
Mexico,Oaxaca,OAX
Mexico,Puebla,PUE
Mexico,Querétaro,QUE
Mexico,Quintana Roo,ROO
Mexico,Sinaloa,SIN
Mexico,San Luis Potosí,SLP
Mexico,Sonora,SON
Mexico,Tabasco,TAB
Mexico,Tamaulipas,TAM
Mexico,Tlaxcala,TLA
Mexico,Veracruz,VER
Mexico,Yucatán,YUC
Mexico,Zacatecas,ZAC
Malaysia,Johor,01
Malaysia,Kedah,02
Malaysia,Kelantan,03
Malaysia,Melaka,04
Malaysia,Negeri Sembilan,05
Malaysia,Pahang,06
Malaysia,Pulau Pinang,07
Malaysia,Perak,08
Malaysia,Perlis,09
Malaysia,Selangor,10
Malaysia,Terengganu,11
Malaysia,Sabah,12
Malaysia,Sarawak,13
Malaysia,Wilayah Persekutuan Kuala Lumpur,14
Malaysia,Wilayah Persekutuan Labuan,15
Malaysia,Wilayah Persekutuan Putrajaya,16
Mozambique,Niassa,A
Mozambique,Manica,B
Mozambique,Gaza,G
Mozambique,Inhambane,I
Mozambique,Maputo,L
Mozambique,Maputo (city),MPM
Mozambique,Numpula,N
Mozambique,Cabo Delgado,P
Mozambique,Zambezia,Q
Mozambique,Sofala,S
Mozambique,Tete,T
Namibia,Caprivi,CA
Namibia,Erongo,ER
Namibia,Hardap,HA
Namibia,Karas,KA
Namibia,Khomas,KH
Namibia,Kunene,KU
Namibia,Otjozondjupa,OD
Namibia,Omaheke,OH
Namibia,Okavango,OK
Namibia,Oshana,ON
Namibia,Omusati,OS
Namibia,Oshikoto,OT
Namibia,Ohangwena,OW
Niger,Agadez,1
Niger,Diffa,2
Niger,Dosso,3
Niger,Maradi,4
Niger,Tahoua,5
Niger,Tillabéri,6
Niger,Zinder,7
Niger,Niamey,8
Nigeria,Abia,AB
Nigeria,Adamawa,AD
Nigeria,Akwa Ibom,AK
Nigeria,Anambra,AN
Nigeria,Bauchi,BA
Nigeria,Benue,BE
Nigeria,Borno,BO
Nigeria,Bayelsa,BY
Nigeria,Cross River,CR
Nigeria,Delta,DE
Nigeria,Ebonyi,EB
Nigeria,Edo,ED
Nigeria,Ekiti,EK
Nigeria,Enugu,EN
Nigeria,Abuja Capital Territory,FC
Nigeria,Gombe,GO
Nigeria,Imo,IM
Nigeria,Jigawa,JI
Nigeria,Kaduna,KD
Nigeria,Kebbi,KE
Nigeria,Kano,KN
Nigeria,Kogi,KO
Nigeria,Katsina,KT
Nigeria,Kwara,KW
Nigeria,Lagos,LA
Nigeria,Nassarawa,NA
Nigeria,Niger,NI
Nigeria,Ogun,OG
Nigeria,Ondo,ON
Nigeria,Osun,OS
Nigeria,Oyo,OY
Nigeria,Plateau,PL
Nigeria,Rivers,RI
Nigeria,Sokoto,SO
Nigeria,Taraba,TA
Nigeria,Yobe,YO
Nigeria,Zamfara,ZA
Nicaragua,Atlántico Norte,AN
Nicaragua,Atlántico Sur,AS
Nicaragua,Boaco,BO
Nicaragua,Carazo,CA
Nicaragua,Chinandega,CI
Nicaragua,Chontales,CO
Nicaragua,Estelí,ES
Nicaragua,Granada,GR
Nicaragua,Jinotega,JI
Nicaragua,León,LE
Nicaragua,Madriz,MD
Nicaragua,Managua,MN
Nicaragua,Masaya,MS
Nicaragua,Matagalpa,MT
Nicaragua,Nueva Segovia,NS
Nicaragua,Rivas,RI
Nicaragua,Río San Juan,SJ
Netherlands,Drenthe,DR
Netherlands,Flevoland,FL
Netherlands,Friesland,FR
Netherlands,Gelderland,GE
Netherlands,Groningen,GR
Netherlands,Limburg,LI
Netherlands,Noord-Brabant,NB
Netherlands,Noord-Holland,NH
Netherlands,Overijssel,OV
Netherlands,Utrecht,UT
Netherlands,Zeeland,ZE
Netherlands,Zuid-Holland,ZH
Norway,Østfold,01
Norway,Akershus,02
Norway,Oslo,03
Norway,Hedmark,04
Norway,Oppland,05
Norway,Buskerud,06
Norway,Vestfold,07
Norway,Telemark,08
Norway,Aust-Agder,09
Norway,Vest-Agder,10
Norway,Rogaland,11
Norway,Hordaland,12
Norway,Sogn og Fjordane,14
Norway,Møre og Romsdal,15
Norway,Sør-Trøndelag,16
Norway,Nord-Trøndelag,17
Norway,Nordland,18
Norway,Troms,19
Norway,Finnmark,20
Norway,Svalbard,21
Norway,Jan Mayen,22
Nepal,Madhyamanchal,1
Nepal,Madhya Pashchimanchal,2
Nepal,Pashchimanchal,3
Nepal,Purwanchal,4
Nepal,Sudur Pashchimanchal,5
Nauru,Aiwo,01
Nauru,Anabar,02
Nauru,Anetan,03
Nauru,Anibare,04
Nauru,Baiti,05
Nauru,Boe,06
Nauru,Buada,07
Nauru,Denigomodu,08
Nauru,Ewa,09
Nauru,Ijuw,10
Nauru,Meneng,11
Nauru,Nibok,12
Nauru,Uaboe,13
Nauru,Yaren,14
New Zealand,Chatham Islands Territory,CIT
New Zealand,North Island,N
New Zealand,South Island,S
Oman,Al Bāţinah,BA
Oman,Al Buraymī,BU
Oman,Ad Dākhilīya,DA
Oman,Masqaţ,MA
Oman,Musandam,MU
Oman,Ash Sharqīyah,SH
Oman,Al Wusţá,WU
Oman,Az̧ Z̧āhirah,ZA
Oman,Z̧ufār,ZU
Panama,Bocas del Toro,1
Panama,Coclé,2
Panama,Colón,3
Panama,Chiriquí,4
Panama,Darién,5
Panama,Herrera,6
Panama,Los Santos,7
Panama,Panamá,8
Panama,Veraguas,9
Panama,Emberá,EM
Panama,Kuna Yala,KY
Panama,Ngöbe-Buglé,NB
Peru,Amazonas,AMA
Peru,Ancash,ANC
Peru,Apurímac,APU
Peru,Arequipa,ARE
Peru,Ayacucho,AYA
Peru,Cajamarca,CAJ
Peru,El Callao,CAL
Peru,Cusco [Cuzco],CUS
Peru,Huánuco,HUC
Peru,Huancavelica,HUV
Peru,Ica,ICA
Peru,Junín,JUN
Peru,La Libertad,LAL
Peru,Lambayeque,LAM
Peru,Lima,LIM
Peru,Municipalidad Metropolitana de Lima,LMA
Peru,Loreto,LOR
Peru,Madre de Dios,MDD
Peru,Moquegua,MOQ
Peru,Pasco,PAS
Peru,Piura,PIU
Peru,Puno,PUN
Peru,San Martín,SAM
Peru,Tacna,TAC
Peru,Tumbes,TUM
Peru,Ucayali,UCA
Papua New Guinea,Chimbu,CPK
Papua New Guinea,Central,CPM
Papua New Guinea,East New Britain,EBR
Papua New Guinea,Eastern Highlands,EHG
Papua New Guinea,Enga,EPW
Papua New Guinea,East Sepik,ESW
Papua New Guinea,Gulf,GPK
Papua New Guinea,Milne Bay,MBA
Papua New Guinea,Morobe,MPL
Papua New Guinea,Madang,MPM
Papua New Guinea,Manus,MRL
Papua New Guinea,National Capital District (Port Moresby),NCD
Papua New Guinea,New Ireland,NIK
Papua New Guinea,Northern,NPP
Papua New Guinea,North Solomons,NSA
Papua New Guinea,Sandaun,SAN
Papua New Guinea,Southern Highlands,SHM
Papua New Guinea,West New Britain,WBK
Papua New Guinea,Western Highlands,WHM
Papua New Guinea,Western,WPD
Philippines,National Capital Region,00
Philippines,Ilocos (Region I),01
Philippines,Cagayan Valley (Region II),02
Philippines,Central Luzon (Region III),03
Philippines,Bicol (Region V),05
Philippines,Western Visayas (Region VI),06
Philippines,Central Visayas (Region VII),07
Philippines,Eastern Visayas (Region VIII),08
Philippines,Zamboanga Peninsula (Region IX),09
Philippines,Northern Mindanao (Region X),10
Philippines,Davao (Region XI),11
Philippines,Soccsksargen (Region XII),12
Philippines,Caraga (Region XIII),13
Philippines,Autonomous Region in Muslim Mindanao (ARMM),14
Philippines,Cordillera Administrative Region (CAR),15
Philippines,CALABARZON (Region IV-A),40
Philippines,MIMAROPA (Region IV-B),41
Pakistan,Balochistan,BA
Pakistan,Islamabad,IS
Pakistan,Azad Kashmir,JK
Pakistan,Northern Areas,NA
Pakistan,North-West Frontier,NW
Pakistan,Punjab,PB
Pakistan,Sindh,SD
Pakistan,Federally Administered Tribal Areas,TA
Poland,Dolnośląskie,DS
Poland,Kujawsko-pomorskie,KP
Poland,Lubuskie,LB
Poland,Łódzkie,LD
Poland,Lubelskie,LU
Poland,Małopolskie,MA
Poland,Mazowieckie,MZ
Poland,Opolskie,OP
Poland,Podlaskie,PD
Poland,Podkarpackie,PK
Poland,Pomorskie,PM
Poland,Świętokrzyskie,SK
Poland,Śląskie,SL
Poland,Warmińsko-mazurskie,WN
Poland,Wielkopolskie,WP
Poland,Zachodniopomorskie,ZP
Portugal,Aveiro,01
Portugal,Beja,02
Portugal,Braga,03
Portugal,Bragança,04
Portugal,Castelo Branco,05
Portugal,Coimbra,06
Portugal,Évora,07
Portugal,Faro,08
Portugal,Guarda,09
Portugal,Leiria,10
Portugal,Lisboa,11
Portugal,Portalegre,12
Portugal,Porto,13
Portugal,Santarém,14
Portugal,Setúbal,15
Portugal,Viana do Castelo,16
Portugal,Vila Real,17
Portugal,Viseu,18
Portugal,Região Autónoma dos Açores,20
Portugal,Região Autónoma da Madeira,30
Palau,Aimeliik,002
Palau,Airai,004
Palau,Angaur,010
Palau,Hatobohei,050
Palau,Kayangel,100
Palau,Koror,150
Palau,Melekeok,212
Palau,Ngaraard,214
Palau,Ngarchelong,218
Palau,Ngardmau,222
Palau,Ngatpang,224
Palau,Ngchesar,226
Palau,Ngeremlengui,227
Palau,Ngiwal,228
Palau,Peleliu,350
Palau,Sonsorol,370
Paraguay,Concepción,1
Paraguay,Alto Paraná,10
Paraguay,Central,11
Paraguay,Ñeembucú,12
Paraguay,Amambay,13
Paraguay,Canindeyú,14
Paraguay,Presidente Hayes,15
Paraguay,Alto Paraguay,16
Paraguay,Boquerón,19
Paraguay,San Pedro,2
Paraguay,Cordillera,3
Paraguay,Guairá,4
Paraguay,Caaguazú,5
Paraguay,Caazapá,6
Paraguay,Itapúa,7
Paraguay,Misiones,8
Paraguay,Paraguarí,9
Paraguay,Asunción,ASU
Qatar,Ad Dawhah,DA
Qatar,Al Ghuwayriyah,GH
Qatar,Jariyan al Batnah,JB
Qatar,Al Jumayliyah,JU
Qatar,Al Khawr,KH
Qatar,Madinat ash Shamal,MS
Qatar,Ar Rayyan,RA
Qatar,Umm Salal,US
Qatar,Al Wakrah,WA
Romania,Alba,AB
Romania,Argeș,AG
Romania,Arad,AR
Romania,București,B
Romania,Bacău,BC
Romania,Bihor,BH
Romania,Bistrița-Năsăud,BN
Romania,Brăila,BR
Romania,Botoșani,BT
Romania,Brașov,BV
Romania,Buzău,BZ
Romania,Cluj,CJ
Romania,Călărași,CL
Romania,Caraș-Severin,CS
Romania,Constanța,CT
Romania,Covasna,CV
Romania,Dâmbovița,DB
Romania,Dolj,DJ
Romania,Gorj,GJ
Romania,Galați,GL
Romania,Giurgiu,GR
Romania,Hunedoara,HD
Romania,Harghita,HR
Romania,Ilfov,IF
Romania,Ialomița,IL
Romania,Iași,IS
Romania,Mehedinți,MH
Romania,Maramureș,MM
Romania,Mureș,MS
Romania,Neamț,NT
Romania,Olt,OT
Romania,Prahova,PH
Romania,Sibiu,SB
Romania,Sălaj,SJ
Romania,Satu Mare,SM
Romania,Suceava,SV
Romania,Tulcea,TL
Romania,Timiș,TM
Romania,Teleorman,TR
Romania,Vâlcea,VL
Romania,Vrancea,VN
Romania,Vaslui,VS
Serbia,Beograd,00
Serbia,Mačvanski okrug,08
Serbia,Kolubarski okrug,09
Serbia,Podunavski okrug,10
Serbia,Braničevski okrug,11
Serbia,Šumadijski okrug,12
Serbia,Pomoravski okrug,13
Serbia,Borski okrug,14
Serbia,Zaječarski okrug,15
Serbia,Zlatiborski okrug,16
Serbia,Moravički okrug,17
Serbia,Raški okrug,18
Serbia,Rasinski okrug,19
Serbia,Nišavski okrug,20
Serbia,Toplički okrug,21
Serbia,Pirotski okrug,22
Serbia,Jablanički okrug,23
Serbia,Pčinjski okrug,24
Serbia,Kosovo-Metohija,KM
Serbia,Vojvodina,VO
Russian Federation,"Adygeya, Respublika",AD
Russian Federation,"Altay, Respublika",AL
Russian Federation,Altayskiy kray,ALT
Russian Federation,Amurskaya oblast',AMU
Russian Federation,Arkhangel'skaya oblast',ARK
Russian Federation,Astrakhanskaya oblast',AST
Russian Federation,"Bashkortostan, Respublika",BA
Russian Federation,Belgorodskaya oblast',BEL
Russian Federation,Bryanskaya oblast',BRY
Russian Federation,"Buryatiya, Respublika",BU
Russian Federation,Chechenskaya Respublika,CE
Russian Federation,Chelyabinskaya oblast',CHE
Russian Federation,Chukotskiy avtonomnyy okrug,CHU
Russian Federation,Chuvashskaya Respublika,CU
Russian Federation,"Dagestan, Respublika",DA
Russian Federation,Respublika Ingushetiya,IN
Russian Federation,Irkutiskaya oblast',IRK
Russian Federation,Ivanovskaya oblast',IVA
Russian Federation,Kamchatskiy kray,KAM
Russian Federation,Kabardino-Balkarskaya Respublika,KB
Russian Federation,Karachayevo-Cherkesskaya Respublika,KC
Russian Federation,Krasnodarskiy kray,KDA
Russian Federation,Kemerovskaya oblast',KEM
Russian Federation,Kaliningradskaya oblast',KGD
Russian Federation,Kurganskaya oblast',KGN
Russian Federation,Khabarovskiy kray,KHA
Russian Federation,Khanty-Mansiysky avtonomnyy okrug-Yugra,KHM
Russian Federation,Kirovskaya oblast',KIR
Russian Federation,"Khakasiya, Respublika",KK
Russian Federation,"Kalmykiya, Respublika",KL
Russian Federation,Kaluzhskaya oblast',KLU
Russian Federation,"Komi, Respublika",KO
Russian Federation,Kostromskaya oblast',KOS
Russian Federation,"Kareliya, Respublika",KR
Russian Federation,Kurskaya oblast',KRS
Russian Federation,Krasnoyarskiy kray,KYA
Russian Federation,Leningradskaya oblast',LEN
Russian Federation,Lipetskaya oblast',LIP
Russian Federation,Magadanskaya oblast',MAG
Russian Federation,"Mariy El, Respublika",ME
Russian Federation,"Mordoviya, Respublika",MO
Russian Federation,Moskovskaya oblast',MOS
Russian Federation,Moskva,MOW
Russian Federation,Murmanskaya oblast',MUR
Russian Federation,Nenetskiy avtonomnyy okrug,NEN
Russian Federation,Novgorodskaya oblast',NGR
Russian Federation,Nizhegorodskaya oblast',NIZ
Russian Federation,Novosibirskaya oblast',NVS
Russian Federation,Omskaya oblast',OMS
Russian Federation,Orenburgskaya oblast',ORE
Russian Federation,Orlovskaya oblast',ORL
Russian Federation,Permskiy kray,PER
Russian Federation,Penzenskaya oblast',PNZ
Russian Federation,Primorskiy kray,PRI
Russian Federation,Pskovskaya oblast',PSK
Russian Federation,Rostovskaya oblast',ROS
Russian Federation,Ryazanskaya oblast',RYA
Russian Federation,"Sakha, Respublika [Yakutiya]",SA
Russian Federation,Sakhalinskaya oblast',SAK
Russian Federation,Samaraskaya oblast',SAM
Russian Federation,Saratovskaya oblast',SAR
Russian Federation,"Severnaya Osetiya-Alaniya, Respublika",SE
Russian Federation,Smolenskaya oblast',SMO
Russian Federation,Sankt-Peterburg,SPE
Russian Federation,Stavropol'skiy kray,STA
Russian Federation,Sverdlovskaya oblast',SVE
Russian Federation,"Tatarstan, Respublika",TA
Russian Federation,Tambovskaya oblast',TAM
Russian Federation,Tomskaya oblast',TOM
Russian Federation,Tul'skaya oblast',TUL
Russian Federation,Tverskaya oblast',TVE
Russian Federation,"Tyva, Respublika [Tuva]",TY
Russian Federation,Tyumenskaya oblast',TYU
Russian Federation,Udmurtskaya Respublika,UD
Russian Federation,Ul'yanovskaya oblast',ULY
Russian Federation,Volgogradskaya oblast',VGG
Russian Federation,Vladimirskaya oblast',VLA
Russian Federation,Vologodskaya oblast',VLG
Russian Federation,Voronezhskaya oblast',VOR
Russian Federation,Yamalo-Nenetskiy avtonomnyy okrug,YAN
Russian Federation,Yaroslavskaya oblast',YAR
Russian Federation,Yevreyskaya avtonomnaya oblast',YEV
Russian Federation,Zabajkal'skij kraj,ZAB
Rwanda,Ville de Kigali,01
Rwanda,Est,02
Rwanda,Nord,03
Rwanda,Ouest,04
Rwanda,Sud,05
Saudi Arabia,Ar Riyāḍ,01
Saudi Arabia,Makkah,02
Saudi Arabia,Al Madīnah,03
Saudi Arabia,Ash Sharqīyah,04
Saudi Arabia,Al Qaşīm,05
Saudi Arabia,Ḥā'il,06
Saudi Arabia,Tabūk,07
Saudi Arabia,Al Ḥudūd ash Shamāliyah,08
Saudi Arabia,Jīzan,09
Saudi Arabia,Najrān,10
Saudi Arabia,Al Bāhah,11
Saudi Arabia,Al Jawf,12
Saudi Arabia,`Asīr,14
Solomon Islands,Central,CE
Solomon Islands,Choiseul,CH
Solomon Islands,Capital Territory (Honiara),CT
Solomon Islands,Guadalcanal,GU
Solomon Islands,Isabel,IS
Solomon Islands,Makira,MK
Solomon Islands,Malaita,ML
Solomon Islands,Rennell and Bellona,RB
Solomon Islands,Temotu,TE
Solomon Islands,Western,WE
Seychelles,Anse aux Pins,01
Seychelles,Anse Boileau,02
Seychelles,Anse Etoile,03
Seychelles,Anse Louis,04
Seychelles,Anse Royale,05
Seychelles,Baie Lazare,06
Seychelles,Baie Sainte Anne,07
Seychelles,Beau Vallon,08
Seychelles,Bel Air,09
Seychelles,Bel Ombre,10
Seychelles,Cascade,11
Seychelles,Glacis,12
Seychelles,Grand Anse Mahe,13
Seychelles,Grand Anse Praslin,14
Seychelles,La Digue,15
Seychelles,English River,16
Seychelles,Mont Buxton,17
Seychelles,Mont Fleuri,18
Seychelles,Plaisance,19
Seychelles,Pointe Larue,20
Seychelles,Port Glaud,21
Seychelles,Saint Louis,22
Seychelles,Takamaka,23
Seychelles,Les Mamelles,24
Seychelles,Roche Caiman,25
Sudan,Ash Shamālīyah,01
Sudan,Shamāl Dārfūr,02
Sudan,Al Kharţūm,03
Sudan,An Nīl,04
Sudan,Kassalā,05
Sudan,Al Qaḑārif,06
Sudan,Al Jazīrah,07
Sudan,An Nīl al Abyaḑ,08
Sudan,Shamāl Kurdufān,09
Sudan,Janūb Dārfūr,11
Sudan,Gharb Dārfūr,12
Sudan,Janūb Kurdufān,13
Sudan,Gharb Baḩr al Ghazāl,14
Sudan,Shamāl Baḩr al Ghazāl,15
Sudan,Gharb al Istiwā'īyah,16
Sudan,Baḩr al Jabal,17
Sudan,Al Buḩayrāt,18
Sudan,Sharq al Istiwā'īyah,19
Sudan,Jūnqalī,20
Sudan,Wārāb,21
Sudan,Al Waḩdah,22
Sudan,A‘ālī an Nīl,23
Sudan,An Nīl al Azraq,24
Sudan,Sinnār,25
Sudan,Al Baḩr al Aḩmar,26
Sweden,Stockholms län,AB
Sweden,Västerbottens län,AC
Sweden,Norrbottens län,BD
Sweden,Uppsala län,C
Sweden,Södermanlands län,D
Sweden,Östergötlands län,E
Sweden,Jönköpings län,F
Sweden,Kronobergs län,G
Sweden,Kalmar län,H
Sweden,Gotlands län,I
Sweden,Blekinge län,K
Sweden,Skåne län,M
Sweden,Hallands län,N
Sweden,Västra Götalands län,O
Sweden,Värmlands län,S
Sweden,Örebro län,T
Sweden,Västmanlands län,U
Sweden,Dalarnas län,W
Sweden,Gävleborgs län,X
Sweden,Västernorrlands län,Y
Sweden,Jämtlande län,Z
Singapore,Central Singapore,01
Singapore,North East,02
Singapore,North West,03
Singapore,South East,04
Singapore,South West,05
Slovenia,Ajdovščina,001
Slovenia,Beltinci,002
Slovenia,Bled,003
Slovenia,Bohinj,004
Slovenia,Borovnica,005
Slovenia,Bovec,006
Slovenia,Brda,007
Slovenia,Brezovica,008
Slovenia,Brežice,009
Slovenia,Tišina,010
Slovenia,Celje,011
Slovenia,Cerklje na Gorenjskem,012
Slovenia,Cerknica,013
Slovenia,Cerkno,014
Slovenia,Črenšovci,015
Slovenia,Črna na Koroškem,016
Slovenia,Črnomelj,017
Slovenia,Destrnik,018
Slovenia,Divača,019
Slovenia,Dobrepolje,020
Slovenia,Dobrova-Polhov Gradec,021
Slovenia,Dol pri Ljubljani,022
Slovenia,Domžale,023
Slovenia,Dornava,024
Slovenia,Dravograd,025
Slovenia,Duplek,026
Slovenia,Gorenja vas-Poljane,027
Slovenia,Gorišnica,028
Slovenia,Gornja Radgona,029
Slovenia,Gornji Grad,030
Slovenia,Gornji Petrovci,031
Slovenia,Grosuplje,032
Slovenia,Šalovci,033
Slovenia,Hrastnik,034
Slovenia,Hrpelje-Kozina,035
Slovenia,Idrija,036
Slovenia,Ig,037
Slovenia,Ilirska Bistrica,038
Slovenia,Ivančna Gorica,039
Slovenia,Izola/Isola,040
Slovenia,Jesenice,041
Slovenia,Juršinci,042
Slovenia,Kamnik,043
Slovenia,Kanal,044
Slovenia,Kidričevo,045
Slovenia,Kobarid,046
Slovenia,Kobilje,047
Slovenia,Kočevje,048
Slovenia,Komen,049
Slovenia,Koper/Capodistria,050
Slovenia,Kozje,051
Slovenia,Kranj,052
Slovenia,Kranjska Gora,053
Slovenia,Krško,054
Slovenia,Kungota,055
Slovenia,Kuzma,056
Slovenia,Laško,057
Slovenia,Lenart,058
Slovenia,Lendava/Lendva,059
Slovenia,Litija,060
Slovenia,Ljubljana,061
Slovenia,Ljubno,062
Slovenia,Ljutomer,063
Slovenia,Logatec,064
Slovenia,Loška dolina,065
Slovenia,Loški Potok,066
Slovenia,Luče,067
Slovenia,Lukovica,068
Slovenia,Majšperk,069
Slovenia,Maribor,070
Slovenia,Medvode,071
Slovenia,Mengeš,072
Slovenia,Metlika,073
Slovenia,Mežica,074
Slovenia,Miren-Kostanjevica,075
Slovenia,Mislinja,076
Slovenia,Moravče,077
Slovenia,Moravske Toplice,078
Slovenia,Mozirje,079
Slovenia,Murska Sobota,080
Slovenia,Muta,081
Slovenia,Naklo,082
Slovenia,Nazarje,083
Slovenia,Nova Gorica,084
Slovenia,Novo mesto,085
Slovenia,Odranci,086
Slovenia,Ormož,087
Slovenia,Osilnica,088
Slovenia,Pesnica,089
Slovenia,Piran/Pirano,090
Slovenia,Pivka,091
Slovenia,Podčetrtek,092
Slovenia,Podvelka,093
Slovenia,Postojna,094
Slovenia,Preddvor,095
Slovenia,Ptuj,096
Slovenia,Puconci,097
Slovenia,Rače-Fram,098
Slovenia,Radeče,099
Slovenia,Radenci,100
Slovenia,Radlje ob Dravi,101
Slovenia,Radovljica,102
Slovenia,Ravne na Koroškem,103
Slovenia,Ribnica,104
Slovenia,Rogašovci,105
Slovenia,Rogaška Slatina,106
Slovenia,Rogatec,107
Slovenia,Ruše,108
Slovenia,Semič,109
Slovenia,Sevnica,110
Slovenia,Sežana,111
Slovenia,Slovenj Gradec,112
Slovenia,Slovenska Bistrica,113
Slovenia,Slovenske Konjice,114
Slovenia,Starče,115
Slovenia,Sveti Jurij,116
Slovenia,Šenčur,117
Slovenia,Šentilj,118
Slovenia,Šentjernej,119
Slovenia,Šentjur,120
Slovenia,Škocjan,121
Slovenia,Škofja Loka,122
Slovenia,Škofljica,123
Slovenia,Šmarje pri Jelšah,124
Slovenia,Šmartno ob Paki,125
Slovenia,Šoštanj,126
Slovenia,Štore,127
Slovenia,Tolmin,128
Slovenia,Trbovlje,129
Slovenia,Trebnje,130
Slovenia,Tržič,131
Slovenia,Turnišče,132
Slovenia,Velenje,133
Slovenia,Velike Lašče,134
Slovenia,Videm,135
Slovenia,Vipava,136
Slovenia,Vitanje,137
Slovenia,Vodice,138
Slovenia,Vojnik,139
Slovenia,Vrhnika,140
Slovenia,Vuzenica,141
Slovenia,Zagorje ob Savi,142
Slovenia,Zavrč,143
Slovenia,Zreče,144
Slovenia,Železniki,146
Slovenia,Žiri,147
Slovenia,Benedikt,148
Slovenia,Bistrica ob Sotli,149
Slovenia,Bloke,150
Slovenia,Braslovče,151
Slovenia,Cankova,152
Slovenia,Cerkvenjak,153
Slovenia,Dobje,154
Slovenia,Dobrna,155
Slovenia,Dobrovnik/Dobronak,156
Slovenia,Dolenjske Toplice,157
Slovenia,Grad,158
Slovenia,Hajdina,159
Slovenia,Hoče-Slivnica,160
Slovenia,Hodoš/Hodos,161
Slovenia,Horjul,162
Slovenia,Jezersko,163
Slovenia,Komenda,164
Slovenia,Kostel,165
Slovenia,Križevci,166
Slovenia,Lovrenc na Pohorju,167
Slovenia,Markovci,168
Slovenia,Miklavž na Dravskem polju,169
Slovenia,Mirna Peč,170
Slovenia,Oplotnica,171
Slovenia,Podlehnik,172
Slovenia,Polzela,173
Slovenia,Prebold,174
Slovenia,Prevalje,175
Slovenia,Razkrižje,176
Slovenia,Ribnica na Pohorju,177
Slovenia,Selnica ob Dravi,178
Slovenia,Sodražica,179
Slovenia,Solčava,180
Slovenia,Sveta Ana,181
Slovenia,Sveta Andraž v Slovenskih Goricah,182
Slovenia,Šempeter-Vrtojba,183
Slovenia,Tabor,184
Slovenia,Trnovska vas,185
Slovenia,Trzin,186
Slovenia,Velika Polana,187
Slovenia,Veržej,188
Slovenia,Vransko,189
Slovenia,Žalec,190
Slovenia,Žetale,191
Slovenia,Žirovnica,192
Slovenia,Žužemberk,193
Slovenia,Šmartno pri Litiji,194
Slovenia,Apače,195
Slovenia,Cirkulane,196
Slovenia,Kosanjevica na Krki,197
Slovenia,Makole,198
Slovenia,Mokronog-Trebelno,199
Slovenia,Poljčane,200
Slovenia,Renče-Vogrsko,201
Slovenia,Središče ob Dravi,202
Slovenia,Straža,203
Slovenia,Sveta Trojica v Slovenskih Goricah,204
Slovenia,Sveti Tomaž,205
Slovenia,Šmarjeske Topliče,206
Slovenia,Gorje,207
Slovenia,Log-Dragomer,208
Slovenia,Rečica ob Savinji,209
Slovenia,Sveti Jurij v Slovenskih Goricah,210
Slovenia,Šentrupert,211
Slovakia,Banskobystrický kraj,BC
Slovakia,Bratislavský kraj,BL
Slovakia,Košický kraj,KI
Slovakia,Nitriansky kraj,NI
Slovakia,Prešovský kraj,PV
Slovakia,Trnavský kraj,TA
Slovakia,Trenčiansky kraj,TC
Slovakia,Žilinský kraj,ZI
Sierra Leone,Eastern,E
Sierra Leone,Northern,N
Sierra Leone,Southern (Sierra Leone),S
Sierra Leone,Western Area (Freetown),W
San Marino,Acquaviva,01
San Marino,Chiesanuova,02
San Marino,Domagnano,03
San Marino,Faetano,04
San Marino,Fiorentino,05
San Marino,Borgo Maggiore,06
San Marino,San Marino,07
San Marino,Montegiardino,08
San Marino,Serravalle,09
Senegal,Diourbel,DB
Senegal,Dakar,DK
Senegal,Fatick,FK
Senegal,Kaffrine,KA
Senegal,Kolda,KD
Senegal,Kédougou,KE
Senegal,Kaolack,KL
Senegal,Louga,LG
Senegal,Matam,MT
Senegal,Sédhiou,SE
Senegal,Saint-Louis,SL
Senegal,Tambacounda,TC
Senegal,Thiès,TH
Senegal,Ziguinchor,ZG
Somalia,Awdal,AW
Somalia,Bakool,BK
Somalia,Banaadir,BN
Somalia,Bari,BR
Somalia,Bay,BY
Somalia,Galguduud,GA
Somalia,Gedo,GE
Somalia,Hiirsan,HI
Somalia,Jubbada Dhexe,JD
Somalia,Jubbada Hoose,JH
Somalia,Mudug,MU
Somalia,Nugaal,NU
Somalia,Saneag,SA
Somalia,Shabeellaha Dhexe,SD
Somalia,Shabeellaha Hoose,SH
Somalia,Sool,SO
Somalia,Togdheer,TO
Somalia,Woqooyi Galbeed,WO
Suriname,Brokopondo,BR
Suriname,Commewijne,CM
Suriname,Coronie,CR
Suriname,Marowijne,MA
Suriname,Nickerie,NI
Suriname,Paramaribo,PM
Suriname,Para,PR
Suriname,Saramacca,SA
Suriname,Sipaliwini,SI
Suriname,Wanica,WA
Sao Tome and Principe,Príncipe,P
Sao Tome and Principe,São Tomé,S
El Salvador,Ahuachapán,AH
El Salvador,Cabañas,CA
El Salvador,Chalatenango,CH
El Salvador,Cuscatlán,CU
El Salvador,La Libertad,LI
El Salvador,Morazán,MO
El Salvador,La Paz,PA
El Salvador,Santa Ana,SA
El Salvador,San Miguel,SM
El Salvador,Sonsonate,SO
El Salvador,San Salvador,SS
El Salvador,San Vicente,SV
El Salvador,La Unión,UN
El Salvador,Usulután,US
Syrian Arab Republic,Dimashq,DI
Syrian Arab Republic,Dar'a,DR
Syrian Arab Republic,Dayr az Zawr,DY
Syrian Arab Republic,Al Hasakah,HA
Syrian Arab Republic,Homs,HI
Syrian Arab Republic,Halab,HL
Syrian Arab Republic,Hamah,HM
Syrian Arab Republic,Idlib,ID
Syrian Arab Republic,Al Ladhiqiyah,LA
Syrian Arab Republic,Al Qunaytirah,QU
Syrian Arab Republic,Ar Raqqah,RA
Syrian Arab Republic,Rif Dimashq,RD
Syrian Arab Republic,As Suwayda',SU
Syrian Arab Republic,Tartus,TA
Swaziland,Hhohho,HH
Swaziland,Lubombo,LU
Swaziland,Manzini,MA
Swaziland,Shiselweni,SH
Chad,Al Baṭḩah,BA
Chad,Baḩr al Ghazāl,BG
Chad,Būrkū,BO
Chad,Shārī Bāqirmī,CB
Chad,Innīdī,EN
Chad,Qīrā,GR
Chad,Ḥajjar Lamīs,HL
Chad,Kānim,KA
Chad,Al Buḩayrah,LC
Chad,Lūqūn al Gharbī,LO
Chad,Lūqūn ash Sharqī,LR
Chad,Māndūl,MA
Chad,Shārī al Awsaṭ,MC
Chad,Māyū Kībbī ash Sharqī,ME
Chad,Māyū Kībbī al Gharbī,MO
Chad,Madīnat Injamīnā,ND
Chad,Waddāy,OD
Chad,Salāmāt,SA
Chad,Sīlā,SI
Chad,Tānjilī,TA
Chad,Tibastī,TI
Chad,Wādī Fīrā,WF
Togo,Région du Centre,C
Togo,Région de la Kara,K
Togo,Région Maritime,M
Togo,Région des Plateaux,P
Togo,Région des Savannes,S
Thailand,Krung Thep Maha Nakhon Bangkok,10
Thailand,Samut Prakan,11
Thailand,Nonthaburi,12
Thailand,Pathum Thani,13
Thailand,Phra Nakhon Si Ayutthaya,14
Thailand,Ang Thong,15
Thailand,Lop Buri,16
Thailand,Sing Buri,17
Thailand,Chai Nat,18
Thailand,Saraburi,19
Thailand,Chon Buri,20
Thailand,Rayong,21
Thailand,Chanthaburi,22
Thailand,Trat,23
Thailand,Chachoengsao,24
Thailand,Prachin Buri,25
Thailand,Nakhon Nayok,26
Thailand,Sa Kaeo,27
Thailand,Nakhon Ratchasima,30
Thailand,Buri Ram,31
Thailand,Surin,32
Thailand,Si Sa Ket,33
Thailand,Ubon Ratchathani,34
Thailand,Yasothon,35
Thailand,Chaiyaphum,36
Thailand,Amnat Charoen,37
Thailand,Nong Bua Lam Phu,39
Thailand,Khon Kaen,40
Thailand,Udon Thani,41
Thailand,Loei,42
Thailand,Nong Khai,43
Thailand,Maha Sarakham,44
Thailand,Roi Et,45
Thailand,Kalasin,46
Thailand,Sakon Nakhon,47
Thailand,Nakhon Phanom,48
Thailand,Mukdahan,49
Thailand,Chiang Mai,50
Thailand,Lamphun,51
Thailand,Lampang,52
Thailand,Uttaradit,53
Thailand,Phrae,54
Thailand,Nan,55
Thailand,Phayao,56
Thailand,Chiang Rai,57
Thailand,Mae Hong Son,58
Thailand,Nakhon Sawan,60
Thailand,Uthai Thani,61
Thailand,Kamphaeng Phet,62
Thailand,Tak,63
Thailand,Sukhothai,64
Thailand,Phitsanulok,65
Thailand,Phichit,66
Thailand,Phetchabun,67
Thailand,Ratchaburi,70
Thailand,Kanchanaburi,71
Thailand,Suphan Buri,72
Thailand,Nakhon Pathom,73
Thailand,Samut Sakhon,74
Thailand,Samut Songkhram,75
Thailand,Phetchaburi,76
Thailand,Prachuap Khiri Khan,77
Thailand,Nakhon Si Thammarat,80
Thailand,Krabi,81
Thailand,Phangnga,82
Thailand,Phuket,83
Thailand,Surat Thani,84
Thailand,Ranong,85
Thailand,Chumphon,86
Thailand,Songkhla,90
Thailand,Satun,91
Thailand,Trang,92
Thailand,Phatthalung,93
Thailand,Pattani,94
Thailand,Yala,95
Thailand,Narathiwat,96
Thailand,Phatthaya,S
Tajikistan,Gorno-Badakhshan,GB
Tajikistan,Khatlon,KT
Tajikistan,Sughd,SU
Timor-Leste,Aileu,AL
Timor-Leste,Ainaro,AN
Timor-Leste,Baucau,BA
Timor-Leste,Bobonaro,BO
Timor-Leste,Cova Lima,CO
Timor-Leste,Dili,DI
Timor-Leste,Ermera,ER
Timor-Leste,Lautem,LA
Timor-Leste,Liquiça,LI
Timor-Leste,Manufahi,MF
Timor-Leste,Manatuto,MT
Timor-Leste,Oecussi,OE
Timor-Leste,Viqueque,VI
Turkmenistan,Ahal,A
Turkmenistan,Balkan,B
Turkmenistan,Daşoguz,D
Turkmenistan,Lebap,L
Turkmenistan,Mary,M
Turkmenistan,Aşgabat,S
Tunisia,Tunis,11
Tunisia,L'Ariana,12
Tunisia,Ben Arous,13
Tunisia,La Manouba,14
Tunisia,Nabeul,21
Tunisia,Zaghouan,22
Tunisia,Bizerte,23
Tunisia,Béja,31
Tunisia,Jendouba,32
Tunisia,Le Kef,33
Tunisia,Siliana,34
Tunisia,Kairouan,41
Tunisia,Kasserine,42
Tunisia,Sidi Bouzid,43
Tunisia,Sousse,51
Tunisia,Monastir,52
Tunisia,Mahdia,53
Tunisia,Sfax,61
Tunisia,Gafsa,71
Tunisia,Tozeur,72
Tunisia,Kebili,73
Tunisia,Gabès,81
Tunisia,Medenine,82
Tunisia,Tataouine,83
Tonga,'Eua,01
Tonga,Ha'apai,02
Tonga,Niuas,03
Tonga,Tongatapu,04
Tonga,Vava'u,05
Turkey,Adana,01
Turkey,Adıyaman,02
Turkey,Afyon,03
Turkey,Ağrı,04
Turkey,Amasya,05
Turkey,Ankara,06
Turkey,Antalya,07
Turkey,Artvin,08
Turkey,Aydın,09
Turkey,Balıkesir,10
Turkey,Bilecik,11
Turkey,Bingöl,12
Turkey,Bitlis,13
Turkey,Bolu,14
Turkey,Burdur,15
Turkey,Bursa,16
Turkey,Çanakkale,17
Turkey,Çankırı,18
Turkey,Çorum,19
Turkey,Denizli,20
Turkey,Diyarbakır,21
Turkey,Edirne,22
Turkey,Elazığ,23
Turkey,Erzincan,24
Turkey,Erzurum,25
Turkey,Eskişehir,26
Turkey,Gaziantep,27
Turkey,Giresun,28
Turkey,Gümüşhane,29
Turkey,Hakkâri,30
Turkey,Hatay,31
Turkey,Isparta,32
Turkey,İçel,33
Turkey,İstanbul,34
Turkey,İzmir,35
Turkey,Kars,36
Turkey,Kastamonu,37
Turkey,Kayseri,38
Turkey,Kırklareli,39
Turkey,Kırşehir,40
Turkey,Kocaeli,41
Turkey,Konya,42
Turkey,Kütahya,43
Turkey,Malatya,44
Turkey,Manisa,45
Turkey,Kahramanmaraş,46
Turkey,Mardin,47
Turkey,Muğla,48
Turkey,Muş,49
Turkey,Nevşehir,50
Turkey,Niğde,51
Turkey,Ordu,52
Turkey,Rize,53
Turkey,Sakarya,54
Turkey,Samsun,55
Turkey,Siirt,56
Turkey,Sinop,57
Turkey,Sivas,58
Turkey,Tekirdağ,59
Turkey,Tokat,60
Turkey,Trabzon,61
Turkey,Tunceli,62
Turkey,Şanlıurfa,63
Turkey,Uşak,64
Turkey,Van,65
Turkey,Yozgat,66
Turkey,Zonguldak,67
Turkey,Aksaray,68
Turkey,Bayburt,69
Turkey,Karaman,70
Turkey,Kırıkkale,71
Turkey,Batman,72
Turkey,Şırnak,73
Turkey,Bartın,74
Turkey,Ardahan,75
Turkey,Iğdır,76
Turkey,Yalova,77
Turkey,Karabük,78
Turkey,Kilis,79
Turkey,Osmaniye,80
Turkey,Düzce,81
Trinidad and Tobago,Arima,ARI
Trinidad and Tobago,Chaguanas,CHA
Trinidad and Tobago,Couva-Tabaquite-Talparo,CTT
Trinidad and Tobago,Diego Martin,DMN
Trinidad and Tobago,Eastern Tobago,ETO
Trinidad and Tobago,Penal-Debe,PED
Trinidad and Tobago,Port of Spain,POS
Trinidad and Tobago,Princes Town,PRT
Trinidad and Tobago,Point Fortin,PTF
Trinidad and Tobago,Rio Claro-Mayaro,RCM
Trinidad and Tobago,San Fernando,SFO
Trinidad and Tobago,Sangre Grande,SGE
Trinidad and Tobago,Siparia,SIP
Trinidad and Tobago,San Juan-Laventille,SJL
Trinidad and Tobago,Tunapuna-Piarco,TUP
Trinidad and Tobago,Western Tobago,WTO
Tuvalu,Funafuti,FUN
Tuvalu,Niutao,NIT
Tuvalu,Nui,NIU
Tuvalu,Nukufetau,NKF
Tuvalu,Nukulaelae,NKL
Tuvalu,Nanumea,NMA
Tuvalu,Nanumanga,NMG
Tuvalu,Vaitupu,VAI
"Taiwan, Province of China",Changhua,CHA
"Taiwan, Province of China",Chiay City,CYI
"Taiwan, Province of China",Chiayi,CYQ
"Taiwan, Province of China",Hsinchu,HSQ
"Taiwan, Province of China",Hsinchui City,HSZ
"Taiwan, Province of China",Hualien,HUA
"Taiwan, Province of China",Ilan,ILA
"Taiwan, Province of China",Keelung City,KEE
"Taiwan, Province of China",Kaohsiung City,KHH
"Taiwan, Province of China",Kaohsiung,KHQ
"Taiwan, Province of China",Miaoli,MIA
"Taiwan, Province of China",Nantou,NAN
"Taiwan, Province of China",Penghu,PEN
"Taiwan, Province of China",Pingtung,PIF
"Taiwan, Province of China",Taoyuan,TAO
"Taiwan, Province of China",Tainan City,TNN
"Taiwan, Province of China",Tainan,TNQ
"Taiwan, Province of China",Taipei City,TPE
"Taiwan, Province of China",Taipei,TPQ
"Taiwan, Province of China",Taitung,TTT
"Taiwan, Province of China",Taichung City,TXG
"Taiwan, Province of China",Taichung,TXQ
"Taiwan, Province of China",Yunlin,YUN
"Tanzania, United Republic of",Arusha,01
"Tanzania, United Republic of",Dar-es-Salaam,02
"Tanzania, United Republic of",Dodoma,03
"Tanzania, United Republic of",Iringa,04
"Tanzania, United Republic of",Kagera,05
"Tanzania, United Republic of",Kaskazini Pemba,06
"Tanzania, United Republic of",Kaskazini Unguja,07
"Tanzania, United Republic of",Kigoma,08
"Tanzania, United Republic of",Kilimanjaro,09
"Tanzania, United Republic of",Kusini Pemba,10
"Tanzania, United Republic of",Kusini Unguja,11
"Tanzania, United Republic of",Lindi,12
"Tanzania, United Republic of",Mara,13
"Tanzania, United Republic of",Mbeya,14
"Tanzania, United Republic of",Mjini Magharibi,15
"Tanzania, United Republic of",Morogoro,16
"Tanzania, United Republic of",Mtwara,17
"Tanzania, United Republic of",Mwanza,18
"Tanzania, United Republic of",Pwani,19
"Tanzania, United Republic of",Rukwa,20
"Tanzania, United Republic of",Ruvuma,21
"Tanzania, United Republic of",Shinyanga,22
"Tanzania, United Republic of",Singida,23
"Tanzania, United Republic of",Tabora,24
"Tanzania, United Republic of",Tanga,25
"Tanzania, United Republic of",Manyara,26
Ukraine,Vinnyts'ka Oblast',05
Ukraine,Volyns'ka Oblast',07
Ukraine,Luhans'ka Oblast',09
Ukraine,Dnipropetrovs'ka Oblast',12
Ukraine,Donets'ka Oblast',14
Ukraine,Zhytomyrs'ka Oblast',18
Ukraine,Zakarpats'ka Oblast',21
Ukraine,Zaporiz'ka Oblast',23
Ukraine,Ivano-Frankivs'ka Oblast',26
Ukraine,Kyïvs'ka mis'ka rada,30
Ukraine,Kyïvs'ka Oblast',32
Ukraine,Kirovohrads'ka Oblast',35
Ukraine,Sevastopol,40
Ukraine,Respublika Krym,43
Ukraine,L'vivs'ka Oblast',46
Ukraine,Mykolaïvs'ka Oblast',48
Ukraine,Odes'ka Oblast',51
Ukraine,Poltavs'ka Oblast',53
Ukraine,Rivnens'ka Oblast',56
Ukraine,Sums 'ka Oblast',59
Ukraine,Ternopil's'ka Oblast',61
Ukraine,Kharkivs'ka Oblast',63
Ukraine,Khersons'ka Oblast',65
Ukraine,Khmel'nyts'ka Oblast',68
Ukraine,Cherkas'ka Oblast',71
Ukraine,Chernihivs'ka Oblast',74
Ukraine,Chernivets'ka Oblast',77
Uganda,Central,C
Uganda,Eastern,E
Uganda,Northern,N
Uganda,Western,W
United States Minor Outlying Islands,Johnston Atoll,67
United States Minor Outlying Islands,Midway Islands,71
United States Minor Outlying Islands,Navassa Island,76
United States Minor Outlying Islands,Wake Island,79
United States Minor Outlying Islands,Baker Island,81
United States Minor Outlying Islands,Howland Island,84
United States Minor Outlying Islands,Jarvis Island,86
United States Minor Outlying Islands,Kingman Reef,89
United States Minor Outlying Islands,Palmyra Atoll,95
United States,Alaska,AK
United States,Alabama,AL
United States,Arkansas,AR
United States,American Samoa,AS
United States,Arizona,AZ
United States,California,CA
United States,Colorado,CO
United States,Connecticut,CT
United States,District of Columbia,DC
United States,Delaware,DE
United States,Florida,FL
United States,Georgia,GA
United States,Guam,GU
United States,Hawaii,HI
United States,Iowa,IA
United States,Idaho,ID
United States,Illinois,IL
United States,Indiana,IN
United States,Kansas,KS
United States,Kentucky,KY
United States,Louisiana,LA
United States,Massachusetts,MA
United States,Maryland,MD
United States,Maine,ME
United States,Michigan,MI
United States,Minnesota,MN
United States,Missouri,MO
United States,Northern Mariana Islands,MP
United States,Mississippi,MS
United States,Montana,MT
United States,North Carolina,NC
United States,North Dakota,ND
United States,Nebraska,NE
United States,New Hampshire,NH
United States,New Jersey,NJ
United States,New Mexico,NM
United States,Nevada,NV
United States,New York,NY
United States,Ohio,OH
United States,Oklahoma,OK
United States,Oregon,OR
United States,Pennsylvania,PA
United States,Puerto Rico,PR
United States,Rhode Island,RI
United States,South Carolina,SC
United States,South Dakota,SD
United States,Tennessee,TN
United States,Texas,TX
United States,United States Minor Outlying Islands,UM
United States,Utah,UT
United States,Virginia,VA
United States,Virgin Islands,VI
United States,Vermont,VT
United States,Washington,WA
United States,Wisconsin,WI
United States,West Virginia,WV
United States,Wyoming,WY
Uruguay,Artigas,AR
Uruguay,Canelones,CA
Uruguay,Cerro Largo,CL
Uruguay,Colonia,CO
Uruguay,Durazno,DU
Uruguay,Florida,FD
Uruguay,Flores,FS
Uruguay,Lavalleja,LA
Uruguay,Maldonado,MA
Uruguay,Montevideo,MO
Uruguay,Paysandú,PA
Uruguay,Río Negro,RN
Uruguay,Rocha,RO
Uruguay,Rivera,RV
Uruguay,Salto,SA
Uruguay,San José,SJ
Uruguay,Soriano,SO
Uruguay,Tacuarembó,TA
Uruguay,Treinta y Tres,TT
Uzbekistan,Andijon,AN
Uzbekistan,Buxoro,BU
Uzbekistan,Farg'ona,FA
Uzbekistan,Jizzax,JI
Uzbekistan,Namangan,NG
Uzbekistan,Navoiy,NW
Uzbekistan,Qashqadaryo,QA
Uzbekistan,Qoraqalpog'iston Respublikasi,QR
Uzbekistan,Samarqand,SA
Uzbekistan,Sirdaryo,SI
Uzbekistan,Surxondaryo,SU
Uzbekistan,Toshkent,TK
Uzbekistan,Toshkent,TO
Uzbekistan,Xorazm,XO
Saint Vincent and the Grenadines,Charlotte,01
Saint Vincent and the Grenadines,Saint Andrew,02
Saint Vincent and the Grenadines,Saint David,03
Saint Vincent and the Grenadines,Saint George,04
Saint Vincent and the Grenadines,Saint Patrick,05
Saint Vincent and the Grenadines,Grenadines,06
"Venezuela, Bolivarian Republic of",Distrito Federal,A
"Venezuela, Bolivarian Republic of",Anzoátegui,B
"Venezuela, Bolivarian Republic of",Apure,C
"Venezuela, Bolivarian Republic of",Aragua,D
"Venezuela, Bolivarian Republic of",Barinas,E
"Venezuela, Bolivarian Republic of",Bolívar,F
"Venezuela, Bolivarian Republic of",Carabobo,G
"Venezuela, Bolivarian Republic of",Cojedes,H
"Venezuela, Bolivarian Republic of",Falcón,I
"Venezuela, Bolivarian Republic of",Guárico,J
"Venezuela, Bolivarian Republic of",Lara,K
"Venezuela, Bolivarian Republic of",Mérida,L
"Venezuela, Bolivarian Republic of",Miranda,M
"Venezuela, Bolivarian Republic of",Monagas,N
"Venezuela, Bolivarian Republic of",Nueva Esparta,O
"Venezuela, Bolivarian Republic of",Portuguesa,P
"Venezuela, Bolivarian Republic of",Sucre,R
"Venezuela, Bolivarian Republic of",Táchira,S
"Venezuela, Bolivarian Republic of",Trujillo,T
"Venezuela, Bolivarian Republic of",Yaracuy,U
"Venezuela, Bolivarian Republic of",Zulia,V
"Venezuela, Bolivarian Republic of",Dependencias Federales,W
"Venezuela, Bolivarian Republic of",Vargas,X
"Venezuela, Bolivarian Republic of",Delta Amacuro,Y
"Venezuela, Bolivarian Republic of",Amazonas,Z
Viet Nam,Lai Châu,01
Viet Nam,Lào Cai,02
Viet Nam,Hà Giang,03
Viet Nam,Cao Bằng,04
Viet Nam,Sơn La,05
Viet Nam,Yên Bái,06
Viet Nam,Tuyên Quang,07
Viet Nam,Lạng Sơn,09
Viet Nam,Quảng Ninh,13
Viet Nam,Hoà Bình,14
Viet Nam,Hà Tây,15
Viet Nam,Ninh Bình,18
Viet Nam,Thái Bình,20
Viet Nam,Thanh Hóa,21
Viet Nam,Nghệ An,22
Viet Nam,Hà Tỉnh,23
Viet Nam,Quảng Bình,24
Viet Nam,Quảng Trị,25
Viet Nam,Thừa Thiên-Huế,26
Viet Nam,Quảng Nam,27
Viet Nam,Kon Tum,28
Viet Nam,Quảng Ngãi,29
Viet Nam,Gia Lai,30
Viet Nam,Bình Định,31
Viet Nam,Phú Yên,32
Viet Nam,Đắc Lắk,33
Viet Nam,Khánh Hòa,34
Viet Nam,Lâm Đồng,35
Viet Nam,Ninh Thuận,36
Viet Nam,Tây Ninh,37
Viet Nam,Đồng Nai,39
Viet Nam,Bình Thuận,40
Viet Nam,Long An,41
Viet Nam,Bà Rịa - Vũng Tàu,43
Viet Nam,An Giang,44
Viet Nam,Đồng Tháp,45
Viet Nam,Tiền Giang,46
Viet Nam,Kiên Giang,47
Viet Nam,Cần Thơ,48
Viet Nam,Vĩnh Long,49
Viet Nam,Bến Tre,50
Viet Nam,Trà Vinh,51
Viet Nam,Sóc Trăng,52
Viet Nam,Bắc Kạn,53
Viet Nam,Bắc Giang,54
Viet Nam,Bạc Liêu,55
Viet Nam,Bắc Ninh,56
Viet Nam,Bình Dương,57
Viet Nam,Bình Phước,58
Viet Nam,Cà Mau,59
Viet Nam,"Đà Nẵng, thành phố",60
Viet Nam,Hải Duong,61
Viet Nam,"Hải Phòng, thành phố",62
Viet Nam,Hà Nam,63
Viet Nam,"Hà Nội, thủ đô",64
Viet Nam,"Hồ Chí Minh, thành phố [Sài Gòn]",65
Viet Nam,Hưng Yên,66
Viet Nam,Nam Định,67
Viet Nam,Phú Thọ,68
Viet Nam,Thái Nguyên,69
Viet Nam,Vĩnh Phúc,70
Viet Nam,Điện Biên,71
Viet Nam,Đắk Nông,72
Viet Nam,Hậu Giang,73
Vanuatu,Malampa,MAP
Vanuatu,Pénama,PAM
Vanuatu,Sanma,SAM
Vanuatu,Shéfa,SEE
Vanuatu,Taféa,TAE
Vanuatu,Torba,TOB
Samoa,A'ana,AA
Samoa,Aiga-i-le-Tai,AL
Samoa,Atua,AT
Samoa,Fa'asaleleaga,FA
Samoa,Gaga'emauga,GE
Samoa,Gagaifomauga,GI
Samoa,Palauli,PA
Samoa,Satupa'itea,SA
Samoa,Tuamasaga,TU
Samoa,Va'a-o-Fonoti,VF
Samoa,Vaisigano,VS
Yemen,Abyān,AB
Yemen,'Adan,AD
Yemen,'Amrān,AM
Yemen,Al Bayḑā',BA
Yemen,Aḑ Ḑāli‘,DA
Yemen,Dhamār,DH
Yemen,Ḩaḑramawt,HD
Yemen,Ḩajjah,HJ
Yemen,Ibb,IB
Yemen,Al Jawf,JA
Yemen,Laḩij,LA
Yemen,Ma'rib,MA
Yemen,Al Mahrah,MR
Yemen,Al Ḩudaydah,MU
Yemen,Al Maḩwīt,MW
Yemen,Raymah,RA
Yemen,Şa'dah,SD
Yemen,Shabwah,SH
Yemen,Şan'ā',SN
Yemen,Tā'izz,TA
South Africa,Eastern Cape,EC
South Africa,Free State,FS
South Africa,Gauteng,GT
South Africa,Limpopo,LP
South Africa,Mpumalanga,MP
South Africa,Northern Cape,NC
South Africa,Kwazulu-Natal,NL
South Africa,North-West (South Africa),NW
South Africa,Western Cape,WC
Zambia,Western,01
Zambia,Central,02
Zambia,Eastern,03
Zambia,Luapula,04
Zambia,Northern,05
Zambia,North-Western,06
Zambia,Southern (Zambia),07
Zambia,Copperbelt,08
Zambia,Lusaka,09
Zimbabwe,Bulawayo,BU
Zimbabwe,Harare,HA
Zimbabwe,Manicaland,MA
Zimbabwe,Mashonaland Central,MC
Zimbabwe,Mashonaland East,ME
Zimbabwe,Midlands,MI
Zimbabwe,Matabeleland North,MN
Zimbabwe,Matabeleland South,MS
Zimbabwe,Masvingo,MV
Zimbabwe,Mashonaland West,MW
